epoch,year,month,day,hour,minute,open,high,low,close
1759506900,2025,10,3,15,55,175.84,175.845,175.52,175.57
1759506600,2025,10,3,15,50,176.08,176.08,175.691,175.9
1759506300,2025,10,3,15,45,176.29,176.29,176.0471,176.13
1759506000,2025,10,3,15,40,176.43,176.43,176.255,176.33
1759505700,2025,10,3,15,35,176.62,176.73,176.42,176.4662
1759505400,2025,10,3,15,30,176.5,176.6607,176.5,176.62
1759505100,2025,10,3,15,25,176.36,176.505,176.2982,176.505
1759504800,2025,10,3,15,20,176.1967,176.3948,176.11,176.33
1759504500,2025,10,3,15,15,176.41,176.5051,176.12,176.2
1759504200,2025,10,3,15,10,176.25,176.58,176.25,176.38
1759503900,2025,10,3,15,5,176.2,176.38,176.09,176.205
1759503600,2025,10,3,15,0,176.12,176.525,176.12,176.17
1759503300,2025,10,3,14,55,176.355,176.45,176.1444,176.1444
1759503000,2025,10,3,14,50,176.37,176.42,176.14,176.315
1759502700,2025,10,3,14,45,176.3804,176.46,176.29,176.34
1759502400,2025,10,3,14,40,176.45,176.5,176.29,176.36
1759502100,2025,10,3,14,35,176.35,176.46,176.26,176.415
1759501800,2025,10,3,14,30,176.785,176.97,176.3,176.3
1759501500,2025,10,3,14,25,176.925,176.98,176.7201,176.785
1759501200,2025,10,3,14,20,177.0137,177.06,176.85,176.905
1759500900,2025,10,3,14,15,176.98,177.05,176.84,177.0
1759500600,2025,10,3,14,10,177.15,177.44,176.89,176.98
1759500300,2025,10,3,14,5,177.14,177.34,176.96,177.1001
1759500000,2025,10,3,14,0,177.19,177.25,177.01,177.19
1759499700,2025,10,3,13,55,176.9,177.225,176.78,177.225
1759499400,2025,10,3,13,50,177.43,177.44,176.8423,176.845
1759499100,2025,10,3,13,45,177.9,177.94,177.3137,177.33
1759498800,2025,10,3,13,40,178.07,178.1,177.65,177.93
1759498500,2025,10,3,13,35,177.61,178.1,177.5755,178.07
1759498200,2025,10,3,13,30,177.59,177.72,177.51,177.595
1759497900,2025,10,3,13,25,177.33,177.6,177.3,177.6
1759497600,2025,10,3,13,20,177.5575,177.85,177.29,177.29
1759497300,2025,10,3,13,15,177.2291,177.8,177.16,177.54
1759497000,2025,10,3,13,10,177.305,177.59,177.19,177.4373
1759496700,2025,10,3,13,5,177.28,177.315,177.055,177.305
1759496400,2025,10,3,13,0,177.88,177.88,177.27,177.31
1759496100,2025,10,3,12,55,177.55,177.89,177.5101,177.87
1759495800,2025,10,3,12,50,177.335,177.55,177.2963,177.55
1759495500,2025,10,3,12,45,177.4,177.4,177.2005,177.33
1759495200,2025,10,3,12,40,177.22,177.3501,177.1701,177.32
1759494900,2025,10,3,12,35,176.96,177.2,176.76,177.18
1759494600,2025,10,3,12,30,177.17,177.2593,176.87,176.95
1759494300,2025,10,3,12,25,176.9,177.29,176.87,177.11
1759494000,2025,10,3,12,20,176.61,176.9,176.61,176.9
1759493700,2025,10,3,12,15,176.975,176.985,176.55,176.62
1759493400,2025,10,3,12,10,176.87,177.11,176.83,177.0092
1759493100,2025,10,3,12,5,176.85,177.08,176.85,176.88
1759492800,2025,10,3,12,0,176.49,176.8,176.42,176.8
1759492500,2025,10,3,11,55,176.21,176.73,176.21,176.46
1759492200,2025,10,3,11,50,176.16,176.3,176.12,176.165
1759491900,2025,10,3,11,45,176.225,176.29,176.07,176.19
1759491600,2025,10,3,11,40,176.02,176.27,175.826,176.19
1759491300,2025,10,3,11,35,175.975,176.07,175.7643,176.04
1759491000,2025,10,3,11,30,176.065,176.12,175.76,175.975
1759490700,2025,10,3,11,25,175.84,176.1442,175.6,176.0945
1759490400,2025,10,3,11,20,176.74,176.8359,175.76,175.835
1759490100,2025,10,3,11,15,177.0943,177.0943,176.74,176.75
1759489800,2025,10,3,11,10,176.911,177.16,176.81,177.1
1759489500,2025,10,3,11,5,177.6055,177.65,176.87,176.87
1759489200,2025,10,3,11,0,178.1401,178.33,177.61,177.61
1759488900,2025,10,3,10,55,177.43,178.3,177.3624,178.14
1759488600,2025,10,3,10,50,177.8,177.8,177.3517,177.41
1759488300,2025,10,3,10,45,177.48,178.14,177.405,177.835
1759488000,2025,10,3,10,40,177.03,177.6,177.0,177.5515
1759487700,2025,10,3,10,35,177.35,177.44,176.8704,176.987
1759487400,2025,10,3,10,30,177.29,177.49,177.1,177.259
1759487100,2025,10,3,10,25,176.99,177.33,176.98,177.22
1759486800,2025,10,3,10,20,176.23,177.2,176.18,177.0999
1759486500,2025,10,3,10,15,176.448,176.5463,176.0516,176.18
1759486200,2025,10,3,10,10,177.46,177.49,176.36,176.42
1759485900,2025,10,3,10,5,177.8,177.9099,177.3574,177.57
1759485600,2025,10,3,10,0,178.48,178.485,177.71,177.78
1759485300,2025,10,3,9,55,178.46,178.59,178.22,178.44
1759485000,2025,10,3,9,50,178.71,178.89,177.995,178.455
1759484700,2025,10,3,9,45,178.03,178.76,177.9,178.7439
1759484400,2025,10,3,9,40,178.3,178.7,177.5351,177.885
1759484100,2025,10,3,9,35,178.16,178.63,177.7,178.31
1759483800,2025,10,3,9,30,178.11,179.11,178.1,178.165
1759420500,2025,10,2,15,55,178.11,178.37,177.9525,178.269
1759420200,2025,10,2,15,50,177.885,178.28,177.47,178.12
1759419900,2025,10,2,15,45,177.85,178.12,177.77,177.8718
1759419600,2025,10,2,15,40,177.73,178.0,177.5501,177.81
1759419300,2025,10,2,15,35,177.78,177.85,177.49,177.74
1759419000,2025,10,2,15,30,177.755,178.3,177.7475,177.83
1759418700,2025,10,2,15,25,177.06,177.759,177.05,177.759
1759418400,2025,10,2,15,20,176.64,177.1299,176.62,177.09
1759418100,2025,10,2,15,15,176.495,176.68,176.305,176.596
1759417800,2025,10,2,15,10,176.4401,176.8,176.42,176.48
1759417500,2025,10,2,15,5,176.195,176.58,176.14,176.435
1759417200,2025,10,2,15,0,176.84,176.84,176.195,176.195
1759416900,2025,10,2,14,55,176.3,176.95,176.21,176.8
1759416600,2025,10,2,14,50,176.51,176.555,176.0806,176.28
1759416300,2025,10,2,14,45,176.415,176.64,175.97,176.51
1759416000,2025,10,2,14,40,176.723,176.77,176.4,176.415
1759415700,2025,10,2,14,35,176.86,177.02,176.63,176.68
1759415400,2025,10,2,14,30,177.305,177.313,176.76,176.915
1759415100,2025,10,2,14,25,177.65,177.7,177.11,177.3
1759414800,2025,10,2,14,20,177.77,177.95,177.65,177.69
1759414500,2025,10,2,14,15,177.55,177.8879,177.54,177.75
1759414200,2025,10,2,14,10,177.56,177.65,177.33,177.5455
1759413900,2025,10,2,14,5,177.8,177.84,177.5,177.59
1759413600,2025,10,2,14,0,177.93,178.01,177.8187,177.85
1759413300,2025,10,2,13,55,177.91,178.365,177.88,177.97
1759413000,2025,10,2,13,50,177.98,178.08,177.89,177.91
1759412700,2025,10,2,13,45,178.295,178.295,177.89,177.975
1759412400,2025,10,2,13,40,178.325,178.4582,178.23,178.29
1759412100,2025,10,2,13,35,178.34,178.355,178.16,178.3
1759411800,2025,10,2,13,30,178.6,178.6622,178.22,178.34
1759411500,2025,10,2,13,25,178.32,178.575,178.21,178.56
1759411200,2025,10,2,13,20,178.65,178.74,178.36,178.38
1759410900,2025,10,2,13,15,178.82,178.84,178.657,178.69
1759410600,2025,10,2,13,10,178.55,178.9,178.55,178.9
1759410300,2025,10,2,13,5,178.59,178.605,178.35,178.575
1759410000,2025,10,2,13,0,178.93,179.0151,178.51,178.51
1759409700,2025,10,2,12,55,179.07,179.1,178.74,178.925
1759409400,2025,10,2,12,50,179.17,179.2699,178.9,179.12
1759409100,2025,10,2,12,45,179.14,179.21,178.94,179.098
1759408800,2025,10,2,12,40,179.215,179.38,178.98,179.19
1759408500,2025,10,2,12,35,179.48,179.48,179.17,179.1703
1759408200,2025,10,2,12,30,179.49,179.5117,179.3,179.47
1759407900,2025,10,2,12,25,179.36,179.545,179.3,179.425
1759407600,2025,10,2,12,20,179.4725,179.57,179.32,179.39
1759407300,2025,10,2,12,15,179.49,179.64,179.35,179.47
1759407000,2025,10,2,12,10,179.07,179.52,179.065,179.48
1759406700,2025,10,2,12,5,178.885,179.23,178.885,179.02
1759406400,2025,10,2,12,0,178.836,178.88,178.64,178.875
1759406100,2025,10,2,11,55,179.015,179.27,178.8525,178.8525
1759405800,2025,10,2,11,50,178.83,179.01,178.625,179.01
1759405500,2025,10,2,11,45,179.06,179.09,178.8,178.91
1759405200,2025,10,2,11,40,178.9,178.995,178.75,178.995
1759404900,2025,10,2,11,35,178.53,179.02,178.39,178.85
1759404600,2025,10,2,11,30,178.5,178.76,178.37,178.58
1759404300,2025,10,2,11,25,178.54,178.835,178.3713,178.38
1759404000,2025,10,2,11,20,178.725,178.89,178.47,178.545
1759403700,2025,10,2,11,15,178.4,179.0,178.4,178.76
1759403400,2025,10,2,11,10,177.7,178.42,177.7,178.4
1759403100,2025,10,2,11,5,178.0,178.0565,177.7,177.73
1759402800,2025,10,2,11,0,178.36,178.595,177.97,178.0
1759402500,2025,10,2,10,55,178.39,178.71,178.365,178.475
1759402200,2025,10,2,10,50,178.99,179.11,178.475,178.475
1759401900,2025,10,2,10,45,179.43,179.58,179.03,179.03
1759401600,2025,10,2,10,40,179.05,179.43,179.05,179.37
1759401300,2025,10,2,10,35,179.01,179.27,178.95,179.12
1759401000,2025,10,2,10,30,179.045,179.09,178.61,179.07
1759400700,2025,10,2,10,25,178.49,179.125,178.44,178.99
1759400400,2025,10,2,10,20,178.279,178.6,178.01,178.48
1759400100,2025,10,2,10,15,177.8301,178.48,177.5,178.45
1759399800,2025,10,2,10,10,177.94,178.2299,177.64,177.935
1759399500,2025,10,2,10,5,178.81,178.8576,177.8842,178.0
1759399200,2025,10,2,10,0,179.3201,179.56,178.78,178.84
1759398900,2025,10,2,9,55,180.035,180.035,179.19,179.5
1759398600,2025,10,2,9,50,179.62,180.6339,179.55,180.04
1759398300,2025,10,2,9,45,178.61,179.75,178.19,179.7
1759398000,2025,10,2,9,40,177.28,178.54,176.83,178.4877
1759397700,2025,10,2,9,35,177.346,178.0,176.8,177.26
1759397400,2025,10,2,9,30,177.075,177.4,175.0001,177.3877
1759334100,2025,10,1,15,55,177.85,177.85,177.47,177.56
1759333800,2025,10,1,15,50,177.79,177.905,177.51,177.795
1759333500,2025,10,1,15,45,177.82,177.88,177.54,177.76
1759333200,2025,10,1,15,40,178.22,178.27,177.73,177.83
1759332900,2025,10,1,15,35,177.9383,178.27,177.7917,178.22
1759332600,2025,10,1,15,30,177.935,178.16,177.87,177.965
1759332300,2025,10,1,15,25,177.465,178.06,177.465,177.935
1759332000,2025,10,1,15,20,177.27,177.66,177.27,177.49
1759331700,2025,10,1,15,15,177.065,177.24,176.93,177.23
1759331400,2025,10,1,15,10,177.25,177.32,177.03,177.04
1759331100,2025,10,1,15,5,177.24,177.452,177.1863,177.2201
1759330800,2025,10,1,15,0,177.1335,177.23,176.7,177.11
1759330500,2025,10,1,14,55,177.4,177.52,177.12,177.165
1759330200,2025,10,1,14,50,177.45,177.45,177.25,177.3594
1759329900,2025,10,1,14,45,177.51,177.5326,177.325,177.5326
1759329600,2025,10,1,14,40,177.5,177.655,177.41,177.54
1759329300,2025,10,1,14,35,177.23,177.55,177.23,177.4701
1759329000,2025,10,1,14,30,177.33,177.54,177.178,177.3
1759328700,2025,10,1,14,25,176.8154,177.385,176.75,177.345
1759328400,2025,10,1,14,20,176.62,177.0,176.55,176.84
1759328100,2025,10,1,14,15,176.74,176.8999,176.56,176.62
1759327800,2025,10,1,14,10,176.42,176.965,176.38,176.78
1759327500,2025,10,1,14,5,176.8099,176.83,176.421,176.421
1759327200,2025,10,1,14,0,176.65,176.96,176.64,176.85
1759326900,2025,10,1,13,55,176.985,177.14,176.5886,176.6
1759326600,2025,10,1,13,50,176.655,177.17,176.655,176.98
1759326300,2025,10,1,13,45,176.7,176.745,176.61,176.61
1759326000,2025,10,1,13,40,176.57,176.82,176.57,176.69
1759325700,2025,10,1,13,35,176.71,176.7466,176.54,176.54
1759325400,2025,10,1,13,30,176.65,176.81,176.5,176.695
1759325100,2025,10,1,13,25,176.49,176.76,176.29,176.7
1759324800,2025,10,1,13,20,176.33,176.5571,176.15,176.5571
1759324500,2025,10,1,13,15,176.1,176.69,176.1,176.35
1759324200,2025,10,1,13,10,176.46,176.51,175.95,176.1
1759323900,2025,10,1,13,5,176.29,176.4,176.15,176.4
1759323600,2025,10,1,13,0,176.48,176.48,176.1,176.26
1759323300,2025,10,1,12,55,176.2316,176.4748,176.1201,176.4748
1759323000,2025,10,1,12,50,176.915,176.9594,176.24,176.24
1759322700,2025,10,1,12,45,176.77,176.98,176.6325,176.91
1759322400,2025,10,1,12,40,176.91,176.9583,176.6,176.779
1759322100,2025,10,1,12,35,177.31,177.41,176.81,176.83
1759321800,2025,10,1,12,30,177.165,177.44,177.0427,177.3
1759321500,2025,10,1,12,25,177.0,177.46,176.9,177.165
1759321200,2025,10,1,12,20,177.95,177.98,176.83,177.0625
1759320900,2025,10,1,12,15,178.278,178.39,177.92,177.97
1759320600,2025,10,1,12,10,178.14,178.3894,177.98,178.3
1759320300,2025,10,1,12,5,178.19,178.28,177.82,178.05
1759320000,2025,10,1,12,0,178.5,178.52,177.93,178.2
1759319700,2025,10,1,11,55,179.07,179.09,178.55,178.55
1759319400,2025,10,1,11,50,178.8,179.0788,178.7,179.025
1759319100,2025,10,1,11,45,178.98,179.27,178.65,178.78
1759318800,2025,10,1,11,40,178.93,179.225,178.93,178.935
1759318500,2025,10,1,11,35,179.11,179.11,178.85,178.94
1759318200,2025,10,1,11,30,178.89,179.15,178.89,179.08
1759317900,2025,10,1,11,25,179.1,179.31,178.77,178.86
1759317600,2025,10,1,11,20,179.0,179.24,178.8,179.11
1759317300,2025,10,1,11,15,179.505,179.505,178.695,178.975
1759317000,2025,10,1,11,10,178.64,179.61,178.585,179.425
1759316700,2025,10,1,11,5,178.32,178.63,178.13,178.63
1759316400,2025,10,1,11,0,178.63,178.86,178.31,178.31
1759316100,2025,10,1,10,55,179.105,179.67,178.6,178.63
1759315800,2025,10,1,10,50,178.34,179.28,178.15,179.14
1759315500,2025,10,1,10,45,178.95,178.96,178.32,178.41
1759315200,2025,10,1,10,40,178.825,179.17,178.6,178.99
1759314900,2025,10,1,10,35,179.23,179.47,178.82,178.89
1759314600,2025,10,1,10,30,178.84,179.24,178.79,179.1833
1759314300,2025,10,1,10,25,178.97,179.151,178.5801,178.755
1759314000,2025,10,1,10,20,180.3537,180.55,178.7801,178.97
1759313700,2025,10,1,10,15,180.705,180.7376,180.09,180.3
1759313400,2025,10,1,10,10,180.685,181.01,180.57,180.67
1759313100,2025,10,1,10,5,180.35,180.99,180.2201,180.67
1759312800,2025,10,1,10,0,180.82,181.57,179.89,180.16
1759312500,2025,10,1,9,55,180.68,180.9,180.39,180.7
1759312200,2025,10,1,9,50,179.94,180.89,179.79,180.71
1759311900,2025,10,1,9,45,180.565,180.6572,179.9,179.94
1759311600,2025,10,1,9,40,180.14,181.4,180.04,180.565
1759311300,2025,10,1,9,35,180.19,181.0,179.26,179.89
1759311000,2025,10,1,9,30,178.25,180.23,178.25,180.1052
1759247700,2025,9,30,15,55,178.125,178.14,177.75,177.82
1759247400,2025,9,30,15,50,178.59,178.6,178.11,178.125
1759247100,2025,9,30,15,45,178.265,178.55,178.14,178.545
1759246800,2025,9,30,15,40,178.335,178.36,178.13,178.26
1759246500,2025,9,30,15,35,178.32,178.47,178.29,178.34
1759246200,2025,9,30,15,30,178.225,178.37,178.18,178.3
1759245900,2025,9,30,15,25,178.16,178.28,178.09,178.155
1759245600,2025,9,30,15,20,177.6901,178.26,177.6901,178.16
1759245300,2025,9,30,15,15,177.57,177.795,177.42,177.74
1759245000,2025,9,30,15,10,177.455,177.76,177.43,177.6
1759244700,2025,9,30,15,5,177.575,177.8,177.45,177.475
1759244400,2025,9,30,15,0,177.51,177.59,177.39,177.57
1759244100,2025,9,30,14,55,177.62,177.6999,177.41,177.4577
1759243800,2025,9,30,14,50,177.74,177.77,177.53,177.56
1759243500,2025,9,30,14,45,178.09,178.09,177.71,177.72
1759243200,2025,9,30,14,40,177.965,178.04,177.87,178.0
1759242900,2025,9,30,14,35,177.77,178.03,177.7087,177.93
1759242600,2025,9,30,14,30,177.66,177.88,177.643,177.795
1759242300,2025,9,30,14,25,177.6037,177.87,177.6037,177.68
1759242000,2025,9,30,14,20,177.79,177.83,177.64,177.705
1759241700,2025,9,30,14,15,177.76,177.82,177.61,177.6754
1759241400,2025,9,30,14,10,177.61,177.7799,177.61,177.77
1759241100,2025,9,30,14,5,177.32,177.68,177.32,177.55
1759240800,2025,9,30,14,0,177.02,177.34,176.9499,177.34
1759240500,2025,9,30,13,55,177.365,177.42,176.8118,177.01
1759240200,2025,9,30,13,50,177.61,177.74,177.36,177.365
1759239900,2025,9,30,13,45,177.58,177.69,177.48,177.59
1759239600,2025,9,30,13,40,177.22,177.57,177.22,177.57
1759239300,2025,9,30,13,35,177.5401,177.64,177.26,177.28
1759239000,2025,9,30,13,30,177.26,177.58,177.22,177.58
1759238700,2025,9,30,13,25,177.1,177.33,177.05,177.1914
1759238400,2025,9,30,13,20,177.155,177.21,177.02,177.085
1759238100,2025,9,30,13,15,177.1,177.25,176.9725,177.2068
1759237800,2025,9,30,13,10,177.23,177.24,176.99,177.0
1759237500,2025,9,30,13,5,177.335,177.335,177.07,177.225
1759237200,2025,9,30,13,0,177.5,177.6,177.25,177.33
1759236900,2025,9,30,12,55,177.745,177.76,177.39,177.52
1759236600,2025,9,30,12,50,177.95,177.99,177.575,177.7851
1759236300,2025,9,30,12,45,178.49,178.54,177.87,177.9818
1759236000,2025,9,30,12,40,178.4822,178.67,178.45,178.5
1759235700,2025,9,30,12,35,178.42,178.57,178.39,178.47
1759235400,2025,9,30,12,30,178.26,178.4186,178.2,178.375
1759235100,2025,9,30,12,25,178.105,178.32,178.105,178.26
1759234800,2025,9,30,12,20,178.475,178.71,178.11,178.11
1759234500,2025,9,30,12,15,178.69,178.76,178.38,178.4
1759234200,2025,9,30,12,10,177.93,178.695,177.895,178.695
1759233900,2025,9,30,12,5,177.785,178.06,177.785,177.95
1759233600,2025,9,30,12,0,178.01,178.16,177.67,177.83
1759233300,2025,9,30,11,55,178.08,178.19,177.85,177.93
1759233000,2025,9,30,11,50,178.0,178.09,177.67,178.08
1759232700,2025,9,30,11,45,177.8,178.01,177.72,177.905
1759232400,2025,9,30,11,40,177.59,177.86,177.53,177.8
1759232100,2025,9,30,11,35,177.7,177.7,177.3525,177.64
1759231800,2025,9,30,11,30,177.51,177.76,177.4201,177.67
1759231500,2025,9,30,11,25,177.375,177.53,177.165,177.49
1759231200,2025,9,30,11,20,177.08,177.49,177.08,177.38
1759230900,2025,9,30,11,15,177.335,177.34,176.9701,177.07
1759230600,2025,9,30,11,10,176.76,177.4,176.5666,177.28
1759230300,2025,9,30,11,5,177.005,177.13,176.63,176.7326
1759230000,2025,9,30,11,0,176.69,177.1,176.49,177.0
1759229700,2025,9,30,10,55,177.67,177.8,176.6815,176.6815
1759229400,2025,9,30,10,50,177.94,177.94,177.2,177.705
1759229100,2025,9,30,10,45,177.97,178.5,177.8918,177.98
1759228800,2025,9,30,10,40,177.68,178.06,177.68,177.97
1759228500,2025,9,30,10,35,177.77,178.22,177.46,177.875
1759228200,2025,9,30,10,30,178.16,178.21,177.4,177.63
1759227900,2025,9,30,10,25,178.73,178.81,178.16,178.165
1759227600,2025,9,30,10,20,179.145,179.34,178.76,178.9432
1759227300,2025,9,30,10,15,178.85,179.3728,178.81,179.145
1759227000,2025,9,30,10,10,178.645,178.9,178.5,178.825
1759226700,2025,9,30,10,5,179.4851,179.65,178.58,178.65
1759226400,2025,9,30,10,0,179.83,180.09,179.28,179.52
1759226100,2025,9,30,9,55,179.52,180.04,179.21,179.83
1759225800,2025,9,30,9,50,178.95,179.91,178.95,179.485
1759225500,2025,9,30,9,45,179.4,179.41,178.65,178.8911
1759225200,2025,9,30,9,40,178.615,179.5699,178.56,179.2375
1759224900,2025,9,30,9,35,178.4725,178.8799,177.6234,178.53
1759224600,2025,9,30,9,30,178.53,178.67,177.0,178.33
1759161300,2025,9,29,15,55,179.14,179.15,178.76,179.11
1759161000,2025,9,29,15,50,179.2,179.36,178.91,179.09
1759160700,2025,9,29,15,45,178.7606,179.1963,178.75,179.16
1759160400,2025,9,29,15,40,178.78,178.84,178.65,178.77
1759160100,2025,9,29,15,35,178.725,178.83,178.6,178.82
1759159800,2025,9,29,15,30,178.48,178.71,178.48,178.71
1759159500,2025,9,29,15,25,178.41,178.58,178.33,178.53
1759159200,2025,9,29,15,20,178.335,178.425,178.19,178.38
1759158900,2025,9,29,15,15,178.34,178.3525,178.1005,178.3525
1759158600,2025,9,29,15,10,178.44,178.54,178.261,178.372
1759158300,2025,9,29,15,5,178.54,178.605,178.4331,178.46
1759158000,2025,9,29,15,0,178.93,178.9899,178.45,178.4892
1759157700,2025,9,29,14,55,179.05,179.1199,178.91,178.91
1759157400,2025,9,29,14,50,179.32,179.32,178.97,179.052
1759157100,2025,9,29,14,45,178.846,179.32,178.846,179.32
1759156800,2025,9,29,14,40,178.945,179.04,178.7886,178.8916
1759156500,2025,9,29,14,35,179.28,179.28,178.6,178.95
1759156200,2025,9,29,14,30,179.2,179.4,179.09,179.335
1759155900,2025,9,29,14,25,179.33,179.3699,179.0,179.19
1759155600,2025,9,29,14,20,178.87,179.36,178.85,179.3445
1759155300,2025,9,29,14,15,178.84,179.04,178.77,178.87
1759155000,2025,9,29,14,10,178.6,178.91,178.576,178.83
1759154700,2025,9,29,14,5,178.48,178.6529,178.39,178.6
1759154400,2025,9,29,14,0,178.02,178.5143,178.01,178.5
1759154100,2025,9,29,13,55,177.92,178.09,177.87,178.02
1759153800,2025,9,29,13,50,177.82,178.0,177.75,177.945
1759153500,2025,9,29,13,45,177.619,177.91,177.45,177.82
1759153200,2025,9,29,13,40,177.6066,177.68,177.42,177.6
1759152900,2025,9,29,13,35,177.6129,177.7803,177.54,177.63
1759152600,2025,9,29,13,30,177.7,177.88,177.61,177.66
1759152300,2025,9,29,13,25,177.72,177.77,177.61,177.7
1759152000,2025,9,29,13,20,177.44,177.7802,177.39,177.6
1759151700,2025,9,29,13,15,177.62,177.75,177.4,177.49
1759151400,2025,9,29,13,10,177.6,177.77,177.57,177.64
1759151100,2025,9,29,13,5,177.4,177.66,177.4,177.5989
1759150800,2025,9,29,13,0,177.3651,177.5,177.315,177.37
1759150500,2025,9,29,12,55,177.04,177.3892,176.99,177.3892
1759150200,2025,9,29,12,50,176.3681,176.97,176.3681,176.97
1759149900,2025,9,29,12,45,176.755,176.755,176.2,176.445
1759149600,2025,9,29,12,40,176.805,177.06,176.7,176.755
1759149300,2025,9,29,12,35,176.9,177.01,176.75,176.7951
1759149000,2025,9,29,12,30,176.95,176.96,176.77,176.95
1759148700,2025,9,29,12,25,176.76,176.915,176.6413,176.915
1759148400,2025,9,29,12,20,176.1998,176.73,176.07,176.73
1759148100,2025,9,29,12,15,176.29,176.32,176.01,176.2
1759147800,2025,9,29,12,10,176.26,176.43,176.1,176.2901
1759147500,2025,9,29,12,5,176.49,176.49,176.1,176.34
1759147200,2025,9,29,12,0,176.9,176.905,176.4,176.48
1759146900,2025,9,29,11,55,176.56,176.95,176.485,176.95
1759146600,2025,9,29,11,50,176.28,176.6,176.24,176.37
1759146300,2025,9,29,11,45,176.41,176.6274,176.24,176.375
1759146000,2025,9,29,11,40,176.55,176.63,176.13,176.47
1759145700,2025,9,29,11,35,176.895,176.94,176.4353,176.44
1759145400,2025,9,29,11,30,177.0565,177.19,176.81,176.92
1759145100,2025,9,29,11,25,176.85,177.2134,176.85,177.02
1759144800,2025,9,29,11,20,176.54,177.0,176.43,176.89
1759144500,2025,9,29,11,15,176.6951,176.7698,176.4672,176.65
1759144200,2025,9,29,11,10,176.53,176.82,176.46,176.75
1759143900,2025,9,29,11,5,176.56,176.7883,176.3503,176.4324
1759143600,2025,9,29,11,0,176.468,176.6491,176.11,176.505
1759143300,2025,9,29,10,55,176.785,176.8951,176.32,176.47
1759143000,2025,9,29,10,50,176.92,176.95,176.5381,176.79
1759142700,2025,9,29,10,45,177.22,177.37,177.02,177.04
1759142400,2025,9,29,10,40,177.11,177.4799,176.85,177.25
1759142100,2025,9,29,10,35,176.92,177.35,176.67,177.35
1759141800,2025,9,29,10,30,176.92,176.92,176.35,176.79
1759141500,2025,9,29,10,25,177.2082,177.34,176.89,176.91
1759141200,2025,9,29,10,20,177.38,177.44,177.0205,177.25
1759140900,2025,9,29,10,15,176.8,177.3039,176.69,177.3039
1759140600,2025,9,29,10,10,176.6532,176.98,176.54,176.76
1759140300,2025,9,29,10,5,177.4,177.84,176.4,176.69
1759140000,2025,9,29,10,0,177.5,177.86,177.24,177.42
1759139700,2025,9,29,9,55,178.61,178.69,177.6,177.6178
1759139400,2025,9,29,9,50,177.94,178.59,177.61,178.58
1759139100,2025,9,29,9,45,177.71,178.25,177.51,177.9341
1759138800,2025,9,29,9,40,177.48,177.95,177.21,177.6
1759138500,2025,9,29,9,35,177.06,177.68,176.44,177.375
1759138200,2025,9,29,9,30,177.72,177.9,176.2,177.025
1758902100,2025,9,26,15,55,176.64,176.7054,176.22,176.319
1758901800,2025,9,26,15,50,175.94,176.62,175.93,176.62
1758901500,2025,9,26,15,45,176.135,176.277,175.88,175.99
1758901200,2025,9,26,15,40,176.0619,176.39,176.0619,176.135
1758900900,2025,9,26,15,35,175.79,176.1,175.54,176.1
1758900600,2025,9,26,15,30,175.9893,176.035,175.78,175.79
1758900300,2025,9,26,15,25,175.94,176.0,175.83,175.99
1758900000,2025,9,26,15,20,175.7229,175.98,175.66,175.98
1758899700,2025,9,26,15,15,175.85,175.9,175.67,175.7229
1758899400,2025,9,26,15,10,175.73,175.92,175.73,175.875
1758899100,2025,9,26,15,5,175.7,175.92,175.65,175.7251
1758898800,2025,9,26,15,0,175.415,175.69,175.37,175.61
1758898500,2025,9,26,14,55,175.125,175.47,175.0627,175.42
1758898200,2025,9,26,14,50,175.28,175.2964,174.97,175.21
1758897900,2025,9,26,14,45,175.22,175.35,175.04,175.29
1758897600,2025,9,26,14,40,175.35,175.42,175.18,175.26
1758897300,2025,9,26,14,35,175.3575,175.4,175.2113,175.26
1758897000,2025,9,26,14,30,175.45,175.45,175.28,175.365
1758896700,2025,9,26,14,25,175.35,175.51,175.2775,175.343
1758896400,2025,9,26,14,20,175.44,175.48,175.26,175.36
1758896100,2025,9,26,14,15,175.445,175.7358,175.3817,175.51
1758895800,2025,9,26,14,10,175.575,175.59,175.04,175.425
1758895500,2025,9,26,14,5,175.24,175.88,175.2169,175.56
1758895200,2025,9,26,14,0,174.84,175.31,174.76,175.3
1758894900,2025,9,26,13,55,174.82,174.93,174.77,174.9299
1758894600,2025,9,26,13,50,174.87,174.9046,174.57,174.9046
1758894300,2025,9,26,13,45,175.1,175.23,174.8313,174.8313
1758894000,2025,9,26,13,40,175.27,175.35,175.12,175.12
1758893700,2025,9,26,13,35,175.2627,175.4,175.06,175.2001
1758893400,2025,9,26,13,30,175.74,175.8295,175.25,175.2601
1758893100,2025,9,26,13,25,175.68,175.8,175.4411,175.73
1758892800,2025,9,26,13,20,175.59,175.73,175.505,175.73
1758892500,2025,9,26,13,15,175.57,175.65,175.49,175.64
1758892200,2025,9,26,13,10,175.45,175.63,175.246,175.57
1758891900,2025,9,26,13,5,175.65,175.95,175.43,175.43
1758891600,2025,9,26,13,0,175.23,175.65,175.22,175.64
1758891300,2025,9,26,12,55,175.0983,175.32,174.83,175.25
1758891000,2025,9,26,12,50,175.165,175.5,175.13,175.13
1758890700,2025,9,26,12,45,175.31,175.43,175.05,175.21
1758890400,2025,9,26,12,40,175.7,175.75,175.1801,175.3402
1758890100,2025,9,26,12,35,175.34,175.73,175.32,175.73
1758889800,2025,9,26,12,30,174.85,175.41,174.8301,175.41
1758889500,2025,9,26,12,25,175.04,175.2,174.88,174.905
1758889200,2025,9,26,12,20,174.85,175.06,174.8,175.0
1758888900,2025,9,26,12,15,175.0824,175.21,174.61,174.93
1758888600,2025,9,26,12,10,174.53,175.12,174.53,175.12
1758888300,2025,9,26,12,5,174.205,174.75,174.2,174.73
1758888000,2025,9,26,12,0,174.435,174.5,174.14,174.14
1758887700,2025,9,26,11,55,174.26,174.5,174.2201,174.435
1758887400,2025,9,26,11,50,174.805,174.805,174.08,174.19
1758887100,2025,9,26,11,45,174.55,174.98,174.44,174.856
1758886800,2025,9,26,11,40,174.555,174.67,174.37,174.54
1758886500,2025,9,26,11,35,174.78,174.7963,174.47,174.49
1758886200,2025,9,26,11,30,174.753,175.015,174.753,174.8497
1758885900,2025,9,26,11,25,174.18,174.75,174.04,174.701
1758885600,2025,9,26,11,20,174.25,174.44,173.96,174.135
1758885300,2025,9,26,11,15,174.56,174.56,174.22,174.345
1758885000,2025,9,26,11,10,174.2,174.74,174.12,174.71
1758884700,2025,9,26,11,5,173.85,174.3904,173.68,174.2
1758884400,2025,9,26,11,0,173.845,173.9865,173.54,173.87
1758884100,2025,9,26,10,55,174.0676,174.2999,173.76,173.8
1758883800,2025,9,26,10,50,174.64,174.69,173.94,174.06
1758883500,2025,9,26,10,45,174.84,174.92,174.48,174.645
1758883200,2025,9,26,10,40,174.88,175.11,174.69,174.865
1758882900,2025,9,26,10,35,174.66,174.88,174.46,174.8008
1758882600,2025,9,26,10,30,173.91,174.695,173.68,174.635
1758882300,2025,9,26,10,25,173.7602,174.02,173.54,174.0
1758882000,2025,9,26,10,20,173.26,173.85,173.26,173.7544
1758881700,2025,9,26,10,15,172.66,173.4399,172.6,173.27
1758881400,2025,9,26,10,10,172.085,173.0,172.04,172.74
1758881100,2025,9,26,10,5,172.925,173.25,171.9,172.085
1758880800,2025,9,26,10,0,173.462,173.65,172.8501,172.925
1758880500,2025,9,26,9,55,173.265,173.52,173.0601,173.3444
1758880200,2025,9,26,9,50,172.89,173.58,172.89,173.2651
1758879900,2025,9,26,9,45,172.685,173.17,172.49,172.95
1758879600,2025,9,26,9,40,172.0,172.96,171.6501,172.5723
1758879300,2025,9,26,9,35,173.15,173.19,171.8227,171.96
1758879000,2025,9,26,9,30,172.2,173.49,171.51,173.36
1758815700,2025,9,25,15,55,171.77,172.09,171.62,172.06
1758815400,2025,9,25,15,50,171.105,172.0,171.1,171.94
1758815100,2025,9,25,15,45,171.27,171.7,171.01,171.02
1758814800,2025,9,25,15,40,171.49,171.58,171.11,171.27
1758814500,2025,9,25,15,35,171.39,171.49,171.27,171.455
1758814200,2025,9,25,15,30,171.17,171.5,171.1301,171.435
1758813900,2025,9,25,15,25,171.218,171.5,171.0401,171.08
1758813600,2025,9,25,15,20,171.365,171.4,171.07,171.2315
1758813300,2025,9,25,15,15,171.8101,171.85,171.35,171.37
1758813000,2025,9,25,15,10,171.935,172.02,171.76,171.84
1758812700,2025,9,25,15,5,171.54,172.0116,171.54,171.89
1758812400,2025,9,25,15,0,171.91,172.0,171.455,171.58
1758812100,2025,9,25,14,55,171.9,172.21,171.7,171.94
1758811800,2025,9,25,14,50,171.86,172.07,171.75,171.82
1758811500,2025,9,25,14,45,172.3484,172.35,171.66,171.9
1758811200,2025,9,25,14,40,172.24,172.4,172.04,172.33
1758810900,2025,9,25,14,35,172.3903,172.3903,172.2,172.24
1758810600,2025,9,25,14,30,172.33,172.4,172.23,172.3906
1758810300,2025,9,25,14,25,172.6,172.68,172.14,172.34
1758810000,2025,9,25,14,20,172.5694,172.65,172.31,172.6
1758809700,2025,9,25,14,15,172.0,172.5623,172.0,172.52
1758809400,2025,9,25,14,10,171.465,172.0,171.44,171.935
1758809100,2025,9,25,14,5,171.4355,171.81,171.1701,171.55
1758808800,2025,9,25,14,0,171.71,171.71,171.2,171.44
1758808500,2025,9,25,13,55,171.85,171.9471,171.5,171.66
1758808200,2025,9,25,13,50,172.24,172.332,171.8,171.845
1758807900,2025,9,25,13,45,173.14,173.145,172.21,172.245
1758807600,2025,9,25,13,40,173.275,173.39,173.11,173.17
1758807300,2025,9,25,13,35,173.3,173.44,173.0525,173.25
1758807000,2025,9,25,13,30,173.62,173.62,173.18,173.3
1758806700,2025,9,25,13,25,173.7217,173.78,173.48,173.56
1758806400,2025,9,25,13,20,173.98,174.13,173.65,173.68
1758806100,2025,9,25,13,15,174.4,174.4,173.96,174.035
1758805800,2025,9,25,13,10,174.3594,174.4799,174.0001,174.4
1758805500,2025,9,25,13,5,173.62,174.35,173.595,174.315
1758805200,2025,9,25,13,0,173.66,173.7869,173.475,173.65
1758804900,2025,9,25,12,55,173.8644,174.0,173.66,173.66
1758804600,2025,9,25,12,50,174.435,174.5,173.73,173.82
1758804300,2025,9,25,12,45,175.32,175.32,174.37,174.435
1758804000,2025,9,25,12,40,175.99,176.0,175.25,175.31
1758803700,2025,9,25,12,35,175.69,176.07,175.44,175.996
1758803400,2025,9,25,12,30,175.295,175.69,175.285,175.685
1758803100,2025,9,25,12,25,175.4375,175.52,175.19,175.3
1758802800,2025,9,25,12,20,175.78,175.78,175.25,175.43
1758802500,2025,9,25,12,15,175.335,175.8499,175.335,175.795
1758802200,2025,9,25,12,10,175.23,175.52,175.2201,175.3425
1758801900,2025,9,25,12,5,175.13,175.4121,175.07,175.33
1758801600,2025,9,25,12,0,175.4512,175.5,174.79,175.13
1758801300,2025,9,25,11,55,175.32,175.49,175.25,175.47
1758801000,2025,9,25,11,50,175.81,175.87,175.26,175.27
1758800700,2025,9,25,11,45,175.9,175.9377,175.62,175.81
1758800400,2025,9,25,11,40,176.37,176.52,175.8,175.99
1758800100,2025,9,25,11,35,176.24,176.57,176.155,176.39
1758799800,2025,9,25,11,30,175.95,176.29,175.905,176.27
1758799500,2025,9,25,11,25,175.905,175.99,175.54,175.81
1758799200,2025,9,25,11,20,176.675,176.675,175.78,175.99
1758798900,2025,9,25,11,15,176.9,176.9,176.57,176.71
1758798600,2025,9,25,11,10,176.32,176.93,176.18,176.89
1758798300,2025,9,25,11,5,176.6345,176.76,176.18,176.34
1758798000,2025,9,25,11,0,176.51,176.87,176.31,176.705
1758797700,2025,9,25,10,55,175.465,176.56,175.465,176.51
1758797400,2025,9,25,10,50,175.23,175.66,174.97,175.53
1758797100,2025,9,25,10,45,175.265,175.52,175.1601,175.3
1758796800,2025,9,25,10,40,175.125,175.3,174.9015,175.265
1758796500,2025,9,25,10,35,174.775,175.2999,174.775,175.13
1758796200,2025,9,25,10,30,174.53,174.89,174.51,174.775
1758795900,2025,9,25,10,25,174.99,175.07,174.43,174.635
1758795600,2025,9,25,10,20,175.31,175.51,174.613,174.9389
1758795300,2025,9,25,10,15,175.3399,175.64,174.91,175.44
1758795000,2025,9,25,10,10,175.05,175.62,174.9,175.21
1758794700,2025,9,25,10,5,174.105,175.18,174.1001,175.0462
1758794400,2025,9,25,10,0,173.5,174.36,173.42,174.105
1758794100,2025,9,25,9,55,173.21,173.98,173.1201,173.52
1758793800,2025,9,25,9,50,173.86,174.07,173.191,173.24
1758793500,2025,9,25,9,45,173.9,174.205,173.1662,173.74
1758793200,2025,9,25,9,40,175.92,176.15,173.73,174.0
1758792900,2025,9,25,9,35,176.76,176.8,175.31,175.89
1758792600,2025,9,25,9,30,177.11,177.82,176.2201,176.63
1758729300,2025,9,24,15,55,179.48,179.48,178.89,179.23
1758729000,2025,9,24,15,50,179.38,179.56,179.15,179.51
1758728700,2025,9,24,15,45,179.1599,179.41,179.05,179.4012
1758728400,2025,9,24,15,40,178.86,179.24,178.74,179.145
1758728100,2025,9,24,15,35,178.748,179.05,178.7062,178.86
1758727800,2025,9,24,15,30,178.595,178.83,178.44,178.78
1758727500,2025,9,24,15,25,178.615,178.63,178.44,178.595
1758727200,2025,9,24,15,20,178.47,178.67,178.46,178.58
1758726900,2025,9,24,15,15,178.72,178.72,178.41,178.475
1758726600,2025,9,24,15,10,178.52,178.72,178.435,178.72
1758726300,2025,9,24,15,5,178.56,178.69,178.32,178.4828
1758726000,2025,9,24,15,0,178.77,178.78,178.5,178.55
1758725700,2025,9,24,14,55,178.48,178.85,178.43,178.78
1758725400,2025,9,24,14,50,178.2351,178.49,178.16,178.4451
1758725100,2025,9,24,14,45,178.44,178.5,178.17,178.25
1758724800,2025,9,24,14,40,178.51,178.7135,178.2464,178.48
1758724500,2025,9,24,14,35,178.46,178.72,178.46,178.535
1758724200,2025,9,24,14,30,178.395,178.655,178.37,178.455
1758723900,2025,9,24,14,25,178.325,178.5,178.22,178.38
1758723600,2025,9,24,14,20,178.37,178.71,178.26,178.325
1758723300,2025,9,24,14,15,178.66,178.86,178.3,178.38
1758723000,2025,9,24,14,10,178.43,178.755,178.4036,178.6458
1758722700,2025,9,24,14,5,177.75,178.46,177.75,178.397
1758722400,2025,9,24,14,0,177.945,178.19,177.7401,177.79
1758722100,2025,9,24,13,55,178.4632,178.52,177.82,178.0124
1758721800,2025,9,24,13,50,178.495,178.7,178.35,178.46
1758721500,2025,9,24,13,45,178.3,178.71,177.93,178.51
1758721200,2025,9,24,13,40,178.4882,178.49,178.215,178.3
1758720900,2025,9,24,13,35,178.2499,178.51,178.15,178.48
1758720600,2025,9,24,13,30,177.99,178.3043,177.82,178.15
1758720300,2025,9,24,13,25,178.21,178.37,177.69,177.9
1758720000,2025,9,24,13,20,178.045,178.3498,177.89,178.25
1758719700,2025,9,24,13,15,177.87,178.24,177.87,178.04
1758719400,2025,9,24,13,10,177.564,177.99,177.54,177.89
1758719100,2025,9,24,13,5,177.91,178.08,177.43,177.6
1758718800,2025,9,24,13,0,177.77,178.08,177.6011,178.08
1758718500,2025,9,24,12,55,177.9,177.94,177.3316,177.8134
1758718200,2025,9,24,12,50,177.96,178.1,177.7,177.87
1758717900,2025,9,24,12,45,177.51,178.24,177.5,178.0
1758717600,2025,9,24,12,40,177.285,177.7,177.2,177.64
1758717300,2025,9,24,12,35,176.77,177.35,176.77,177.35
1758717000,2025,9,24,12,30,176.2626,176.77,176.16,176.77
1758716700,2025,9,24,12,25,176.815,177.04,176.25,176.255
1758716400,2025,9,24,12,20,176.06,176.96,176.05,176.79
1758716100,2025,9,24,12,15,175.5,176.125,175.3928,176.09
1758715800,2025,9,24,12,10,175.3,175.5,174.9319,175.48
1758715500,2025,9,24,12,5,175.2,175.38,175.0847,175.29
1758715200,2025,9,24,12,0,174.55,175.2,174.4901,175.2
1758714900,2025,9,24,11,55,174.6,174.7899,174.46,174.6433
1758714600,2025,9,24,11,50,174.91,175.0,174.5,174.64
1758714300,2025,9,24,11,45,174.8,175.1166,174.8,174.915
1758714000,2025,9,24,11,40,174.79,175.21,174.79,174.895
1758713700,2025,9,24,11,35,175.4,175.5199,174.39,174.65
1758713400,2025,9,24,11,30,176.0,176.08,175.23,175.2902
1758713100,2025,9,24,11,25,175.2933,176.0755,175.25,175.9301
1758712800,2025,9,24,11,20,174.65,175.3,174.65,175.3
1758712500,2025,9,24,11,15,174.1868,174.6,173.96,174.565
1758712200,2025,9,24,11,10,174.09,174.44,173.97,174.175
1758711900,2025,9,24,11,5,173.9013,174.125,173.7,174.0809
1758711600,2025,9,24,11,0,173.905,174.045,173.79,173.84
1758711300,2025,9,24,10,55,173.47,173.9,173.36,173.9
1758711000,2025,9,24,10,50,172.85,173.7301,172.77,173.462
1758710700,2025,9,24,10,45,172.86,173.11,172.4299,172.87
1758710400,2025,9,24,10,40,173.385,173.57,172.81,172.86
1758710100,2025,9,24,10,35,173.8,173.97,173.42,173.42
1758709800,2025,9,24,10,30,175.12,175.15,173.75,173.86
1758709500,2025,9,24,10,25,175.0,175.3501,174.9598,175.0869
1758709200,2025,9,24,10,20,174.83,175.05,174.64,175.01
1758708900,2025,9,24,10,15,174.6846,175.01,174.57,174.83
1758708600,2025,9,24,10,10,173.81,174.72,173.78,174.67
1758708300,2025,9,24,10,5,174.44,174.44,173.43,173.89
1758708000,2025,9,24,10,0,174.58,175.01,174.4,174.44
1758707700,2025,9,24,9,55,174.55,174.893,174.5001,174.578
1758707400,2025,9,24,9,50,175.53,175.6,174.15,174.56
1758707100,2025,9,24,9,45,174.36,175.55,174.2346,175.49
1758706800,2025,9,24,9,40,174.5472,174.67,173.8,174.285
1758706500,2025,9,24,9,35,174.06,175.0,173.37,174.623
1758706200,2025,9,24,9,30,173.255,174.01,171.8,174.0
1758642900,2025,9,23,15,55,173.87,173.87,173.1403,173.33
1758642600,2025,9,23,15,50,173.87,174.28,173.635,173.93
1758642300,2025,9,23,15,45,173.89,174.0,173.83,173.955
1758642000,2025,9,23,15,40,174.16,174.16,173.8989,173.9
1758641700,2025,9,23,15,35,174.22,174.3,173.95,174.16
1758641400,2025,9,23,15,30,174.0899,174.2646,173.9249,174.22
1758641100,2025,9,23,15,25,174.191,174.191,173.99,174.03
1758640800,2025,9,23,15,20,174.23,174.32,174.12,174.14
1758640500,2025,9,23,15,15,174.221,174.385,174.1886,174.28
1758640200,2025,9,23,15,10,174.08,174.29,174.0,174.26
1758639900,2025,9,23,15,5,174.2155,174.25,173.9911,174.09
1758639600,2025,9,23,15,0,173.8,174.24,173.8,174.16
1758639300,2025,9,23,14,55,173.78,173.81,173.54,173.78
1758639000,2025,9,23,14,50,174.135,174.18,173.7,173.76
1758638700,2025,9,23,14,45,173.903,174.26,173.89,174.14
1758638400,2025,9,23,14,40,174.02,174.02,173.63,173.86
1758638100,2025,9,23,14,35,174.16,174.2397,174.01,174.02
1758637800,2025,9,23,14,30,174.03,174.18,173.922,174.1697
1758637500,2025,9,23,14,25,173.7313,174.13,173.71,173.9541
1758637200,2025,9,23,14,20,173.84,173.85,173.63,173.8054
1758636900,2025,9,23,14,15,173.748,173.99,173.65,173.84
1758636600,2025,9,23,14,10,173.98,174.08,173.74,173.74
1758636300,2025,9,23,14,5,173.998,174.1987,173.77,174.0486
1758636000,2025,9,23,14,0,174.21,174.352,173.8,173.9201
1758635700,2025,9,23,13,55,174.31,174.4661,174.11,174.1414
1758635400,2025,9,23,13,50,174.52,174.82,174.11,174.2675
1758635100,2025,9,23,13,45,174.485,174.69,173.74,174.66
1758634800,2025,9,23,13,40,174.94,174.94,174.4042,174.49
1758634500,2025,9,23,13,35,175.75,175.7999,174.97,174.9742
1758634200,2025,9,23,13,30,175.38,175.78,175.3729,175.78
1758633900,2025,9,23,13,25,175.49,175.72,175.36,175.37
1758633600,2025,9,23,13,20,175.555,175.67,175.46,175.47
1758633300,2025,9,23,13,15,175.26,175.61,175.26,175.61
1758633000,2025,9,23,13,10,175.34,175.39,175.2,175.31
1758632700,2025,9,23,13,5,175.265,175.3899,175.045,175.31
1758632400,2025,9,23,13,0,175.28,175.3499,174.99,175.27
1758632100,2025,9,23,12,55,175.63,175.76,175.15,175.2854
1758631800,2025,9,23,12,50,175.94,175.97,175.65,175.74
1758631500,2025,9,23,12,45,175.35,176.0,175.26,175.945
1758631200,2025,9,23,12,40,175.3,175.42,175.2217,175.35
1758630900,2025,9,23,12,35,175.065,175.41,174.86,175.32
1758630600,2025,9,23,12,30,174.77,175.12,174.66,175.12
1758630300,2025,9,23,12,25,174.63,174.8,174.5,174.76
1758630000,2025,9,23,12,20,174.4663,174.63,174.31,174.5545
1758629700,2025,9,23,12,15,174.55,174.62,174.12,174.44
1758629400,2025,9,23,12,10,174.3,174.61,174.19,174.55
1758629100,2025,9,23,12,5,174.53,174.54,174.22,174.285
1758628800,2025,9,23,12,0,174.76,174.785,174.2801,174.555
1758628500,2025,9,23,11,55,174.9,175.0396,174.75,174.7511
1758628200,2025,9,23,11,50,175.1382,175.16,174.935,174.955
1758627900,2025,9,23,11,45,175.08,175.16,174.9,175.0595
1758627600,2025,9,23,11,40,175.85,175.91,175.14,175.165
1758627300,2025,9,23,11,35,175.92,175.97,175.3756,175.84
1758627000,2025,9,23,11,30,175.94,176.17,175.68,175.905
1758626700,2025,9,23,11,25,175.93,176.02,175.61,175.89
1758626400,2025,9,23,11,20,175.335,176.06,175.335,175.8709
1758626100,2025,9,23,11,15,175.08,175.48,175.04,175.37
1758625800,2025,9,23,11,10,174.985,175.07,174.6901,175.07
1758625500,2025,9,23,11,5,174.925,175.3,174.79,174.99
1758625200,2025,9,23,11,0,175.28,175.28,174.83,174.965
1758624900,2025,9,23,10,55,175.14,175.53,175.0202,175.24
1758624600,2025,9,23,10,50,175.27,175.37,174.93,175.15
1758624300,2025,9,23,10,45,174.88,175.5,174.75,175.22
1758624000,2025,9,23,10,40,174.0,175.02,173.99,174.93
1758623700,2025,9,23,10,35,173.9,174.6,173.775,174.08
1758623400,2025,9,23,10,30,173.715,174.13,173.55,174.005
1758623100,2025,9,23,10,25,174.2,174.26,173.5001,173.75
1758622800,2025,9,23,10,20,173.8701,174.31,173.8701,174.1535
1758622500,2025,9,23,10,15,173.77,174.1,173.67,174.02
1758622200,2025,9,23,10,10,173.665,174.18,173.6001,173.77
1758621900,2025,9,23,10,5,173.835,174.155,173.65,173.735
1758621600,2025,9,23,10,0,174.5,174.9666,173.76,173.8031
1758621300,2025,9,23,9,55,174.943,174.97,174.06,174.59
1758621000,2025,9,23,9,50,174.45,175.05,174.1121,174.925
1758620700,2025,9,23,9,45,174.5199,175.05,173.98,174.44
1758620400,2025,9,23,9,40,172.55,174.5899,172.55,174.55
1758620100,2025,9,23,9,35,171.95,172.87,171.61,172.75
1758619800,2025,9,23,9,30,172.22,173.5,171.58,171.82
1758556500,2025,9,22,15,55,173.605,173.65,173.2,173.36
1758556200,2025,9,22,15,50,173.73,173.77,173.33,173.605
1758555900,2025,9,22,15,45,173.77,173.9,173.68,173.685
1758555600,2025,9,22,15,40,174.05,174.11,173.74,173.77
1758555300,2025,9,22,15,35,174.04,174.179,173.87,174.05
1758555000,2025,9,22,15,30,173.6003,174.11,173.56,174.06
1758554700,2025,9,22,15,25,173.225,173.7399,173.16,173.5904
1758554400,2025,9,22,15,20,173.395,173.45,173.15,173.213
1758554100,2025,9,22,15,15,173.52,173.58,173.11,173.347
1758553800,2025,9,22,15,10,173.78,173.99,173.48,173.48
1758553500,2025,9,22,15,5,173.69,173.87,173.63,173.7999
1758553200,2025,9,22,15,0,173.58,173.77,173.57,173.74
1758552900,2025,9,22,14,55,173.4872,173.6,173.2,173.55
1758552600,2025,9,22,14,50,173.49,173.525,173.34,173.45
1758552300,2025,9,22,14,45,173.4463,173.54,173.02,173.485
1758552000,2025,9,22,14,40,173.505,173.85,173.34,173.4
1758551700,2025,9,22,14,35,173.46,173.69,173.415,173.48
1758551400,2025,9,22,14,30,173.125,173.4273,173.06,173.4273
1758551100,2025,9,22,14,25,173.12,173.2,172.96,173.1
1758550800,2025,9,22,14,20,173.13,173.39,172.91,173.125
1758550500,2025,9,22,14,15,173.1502,173.3,173.1,173.1299
1758550200,2025,9,22,14,10,172.83,173.16,172.805,173.145
1758549900,2025,9,22,14,5,172.85,173.0,172.6404,172.84
1758549600,2025,9,22,14,0,172.94,173.07,172.73,172.885
1758549300,2025,9,22,13,55,172.8063,172.9838,172.8063,172.94
1758549000,2025,9,22,13,50,173.23,173.23,172.74,172.83
1758548700,2025,9,22,13,45,173.28,173.3,173.03,173.3
1758548400,2025,9,22,13,40,173.04,173.33,172.68,173.28
1758548100,2025,9,22,13,35,172.93,173.1299,172.93,173.07
1758547800,2025,9,22,13,30,173.05,173.11,172.5501,172.93
1758547500,2025,9,22,13,25,172.765,173.04,172.74,173.04
1758547200,2025,9,22,13,20,172.8,172.86,172.3,172.77
1758546900,2025,9,22,13,15,172.8675,173.15,172.69,172.84
1758546600,2025,9,22,13,10,172.25,173.0099,172.17,172.925
1758546300,2025,9,22,13,5,172.6247,172.7999,172.18,172.29
1758546000,2025,9,22,13,0,171.6351,172.71,171.54,172.66
1758545700,2025,9,22,12,55,171.71,171.84,171.49,171.635
1758545400,2025,9,22,12,50,171.06,171.75,170.97,171.71
1758545100,2025,9,22,12,45,171.045,171.3548,170.97,171.09
1758544800,2025,9,22,12,40,171.71,171.7599,170.73,170.94
1758544500,2025,9,22,12,35,170.96,171.7286,170.9008,171.7286
1758544200,2025,9,22,12,30,170.6293,171.1675,170.6293,170.96
1758543900,2025,9,22,12,25,170.23,170.79,170.13,170.6
1758543600,2025,9,22,12,20,171.24,171.3,170.235,170.27
1758543300,2025,9,22,12,15,170.965,171.28,170.57,171.0601
1758543000,2025,9,22,12,10,170.355,171.17,170.33,170.98
1758542700,2025,9,22,12,5,170.12,170.41,170.105,170.35
1758542400,2025,9,22,12,0,170.23,170.4499,170.1,170.12
1758542100,2025,9,22,11,55,170.405,170.76,170.025,170.26
1758541800,2025,9,22,11,50,170.7399,170.7399,170.17,170.38
1758541500,2025,9,22,11,45,170.5,170.84,170.33,170.66
1758541200,2025,9,22,11,40,170.1,170.75,170.1,170.63
1758540900,2025,9,22,11,35,170.14,170.27,169.97,170.17
1758540600,2025,9,22,11,30,169.61,170.29,169.61,170.23
1758540300,2025,9,22,11,25,169.4851,169.67,169.31,169.53
1758540000,2025,9,22,11,20,170.085,170.2,169.4,169.485
1758539700,2025,9,22,11,15,170.63,170.63,170.0,170.11
1758539400,2025,9,22,11,10,169.45,170.8325,169.4029,170.62
1758539100,2025,9,22,11,5,169.075,169.515,168.98,169.4501
1758538800,2025,9,22,11,0,169.08,169.4,169.005,169.09
1758538500,2025,9,22,10,55,169.23,169.31,169.02,169.14
1758538200,2025,9,22,10,50,168.86,169.185,168.59,169.185
1758537900,2025,9,22,10,45,169.05,169.19,168.8,168.92
1758537600,2025,9,22,10,40,169.37,169.41,168.959,169.09
1758537300,2025,9,22,10,35,169.15,169.5,169.03,169.32
1758537000,2025,9,22,10,30,168.96,169.26,168.745,169.22
1758536700,2025,9,22,10,25,168.875,169.1,168.69,168.96
1758536400,2025,9,22,10,20,169.255,169.45,168.72,168.875
1758536100,2025,9,22,10,15,168.835,169.39,168.6156,169.29
1758535800,2025,9,22,10,10,167.82,169.09,167.82,168.83
1758535500,2025,9,22,10,5,166.94,167.89,166.855,167.82
1758535200,2025,9,22,10,0,166.97,167.02,166.6,166.945
1758534900,2025,9,22,9,55,166.21,167.0,165.925,166.93
1758534600,2025,9,22,9,50,166.34,166.3974,165.5,166.2318
1758534300,2025,9,22,9,45,165.45,166.43,165.45,166.245
1758534000,2025,9,22,9,40,165.45,166.3299,165.1,165.5485
1758533700,2025,9,22,9,35,166.9,167.4624,165.3,165.425
1758533400,2025,9,22,9,30,169.3,169.64,166.72,166.854
1758297300,2025,9,19,15,55,169.49,169.98,169.43,169.51
1758297000,2025,9,19,15,50,169.05,169.75,168.9,169.46
1758296700,2025,9,19,15,45,168.885,169.17,168.8825,169.005
1758296400,2025,9,19,15,40,168.7885,169.03,168.75,168.86
1758296100,2025,9,19,15,35,169.03,169.14,168.76,168.8
1758295800,2025,9,19,15,30,169.02,169.0664,168.73,169.0348
1758295500,2025,9,19,15,25,169.12,169.25,169.02,169.095
1758295200,2025,9,19,15,20,168.93,169.285,168.81,169.18
1758294900,2025,9,19,15,15,169.025,169.09,168.79,168.93
1758294600,2025,9,19,15,10,168.9897,169.1,168.93,169.01
1758294300,2025,9,19,15,5,168.85,169.0805,168.84,168.925
1758294000,2025,9,19,15,0,168.905,169.16,168.8508,168.9
1758293700,2025,9,19,14,55,168.7089,168.895,168.655,168.885
1758293400,2025,9,19,14,50,169.15,169.18,168.55,168.655
1758293100,2025,9,19,14,45,169.32,169.37,169.1,169.15
1758292800,2025,9,19,14,40,169.125,169.4,169.09,169.33
1758292500,2025,9,19,14,35,169.005,169.125,168.85,169.125
1758292200,2025,9,19,14,30,169.155,169.155,168.85,169.01
1758291900,2025,9,19,14,25,169.015,169.26,169.01,169.16
1758291600,2025,9,19,14,20,169.15,169.25,169.02,169.06
1758291300,2025,9,19,14,15,168.955,169.24,168.955,169.15
1758291000,2025,9,19,14,10,168.965,169.13,168.87,168.955
1758290700,2025,9,19,14,5,168.895,169.1975,168.8841,168.935
1758290400,2025,9,19,14,0,168.93,168.98,168.68,168.8
1758290100,2025,9,19,13,55,168.36,168.9125,168.36,168.91
1758289800,2025,9,19,13,50,168.225,168.32,168.06,168.32
1758289500,2025,9,19,13,45,168.51,168.565,168.13,168.225
1758289200,2025,9,19,13,40,168.23,168.7212,168.0501,168.53
1758288900,2025,9,19,13,35,168.65,168.73,168.07,168.2651
1758288600,2025,9,19,13,30,168.715,168.765,168.52,168.65
1758288300,2025,9,19,13,25,168.71,168.805,168.62,168.66
1758288000,2025,9,19,13,20,169.0,169.0,168.61,168.71
1758287700,2025,9,19,13,15,169.492,169.492,168.95,169.1
1758287400,2025,9,19,13,10,169.35,169.45,169.12,169.385
1758287100,2025,9,19,13,5,169.54,169.6326,169.23,169.24
1758286800,2025,9,19,13,0,169.4701,169.83,169.43,169.51
1758286500,2025,9,19,12,55,169.26,169.6574,169.255,169.56
1758286200,2025,9,19,12,50,169.2245,169.4,169.13,169.26
1758285900,2025,9,19,12,45,169.58,169.58,169.27,169.27
1758285600,2025,9,19,12,40,169.68,169.895,169.54,169.55
1758285300,2025,9,19,12,35,169.56,169.68,169.4859,169.64
1758285000,2025,9,19,12,30,169.45,169.75,169.34,169.6
1758284700,2025,9,19,12,25,169.1675,169.58,169.06,169.44
1758284400,2025,9,19,12,20,169.65,169.6555,169.1831,169.2
1758284100,2025,9,19,12,15,169.94,169.98,169.58,169.675
1758283800,2025,9,19,12,10,169.47,170.01,169.47,169.87
1758283500,2025,9,19,12,5,169.21,169.65,169.202,169.56
1758283200,2025,9,19,12,0,168.795,169.34,168.795,169.295
1758282900,2025,9,19,11,55,168.415,168.81,168.3057,168.795
1758282600,2025,9,19,11,50,168.5475,168.57,168.2601,168.38
1758282300,2025,9,19,11,45,168.39,168.68,168.29,168.555
1758282000,2025,9,19,11,40,168.35,168.6999,168.29,168.39
1758281700,2025,9,19,11,35,167.855,168.405,167.71,168.35
1758281400,2025,9,19,11,30,167.82,168.0,167.66,167.91
1758281100,2025,9,19,11,25,168.25,168.45,167.82,167.86
1758280800,2025,9,19,11,20,168.25,168.4479,168.11,168.21
1758280500,2025,9,19,11,15,168.2051,168.42,168.1,168.2692
1758280200,2025,9,19,11,10,167.94,168.34,167.94,168.17
1758279900,2025,9,19,11,5,168.16,168.28,167.82,167.9
1758279600,2025,9,19,11,0,167.9685,168.21,167.8,168.16
1758279300,2025,9,19,10,55,168.3048,168.5053,167.81,167.81
1758279000,2025,9,19,10,50,169.05,169.1399,168.35,168.39
1758278700,2025,9,19,10,45,169.55,169.6168,169.02,169.03
1758278400,2025,9,19,10,40,169.87,169.95,169.5501,169.605
1758278100,2025,9,19,10,35,169.415,170.02,169.3415,169.7755
1758277800,2025,9,19,10,30,169.3335,169.64,169.28,169.41
1758277500,2025,9,19,10,25,169.857,169.857,168.93,169.345
1758277200,2025,9,19,10,20,169.7476,170.07,169.62,169.78
1758276900,2025,9,19,10,15,170.075,170.17,169.6,169.6362
1758276600,2025,9,19,10,10,170.2566,170.393,169.9339,170.09
1758276300,2025,9,19,10,5,170.3,170.8998,170.0911,170.2001
1758276000,2025,9,19,10,0,170.0,170.575,169.88,170.3
1758275700,2025,9,19,9,55,169.295,170.1773,169.1602,170.0298
1758275400,2025,9,19,9,50,168.83,169.69,168.7517,169.275
1758275100,2025,9,19,9,45,167.66,169.0489,167.66,168.81
1758274800,2025,9,19,9,40,168.6099,168.6099,167.5342,167.7327
1758274500,2025,9,19,9,35,169.25,169.265,168.1001,168.405
1758274200,2025,9,19,9,30,169.7,169.9673,168.9133,169.21
1758210900,2025,9,18,15,55,169.95,170.0,169.55,169.77
1758210600,2025,9,18,15,50,169.95,170.03,169.71,169.95
1758210300,2025,9,18,15,45,169.44,170.01,169.43,169.96
1758210000,2025,9,18,15,40,169.59,169.63,169.31,169.41
1758209700,2025,9,18,15,35,169.47,169.74,169.36,169.5971
1758209400,2025,9,18,15,30,169.16,169.47,169.08,169.47
1758209100,2025,9,18,15,25,169.02,169.22,168.75,169.17
1758208800,2025,9,18,15,20,169.43,169.43,168.97,169.02
1758208500,2025,9,18,15,15,169.7099,169.71,169.43,169.48
1758208200,2025,9,18,15,10,169.735,169.86,169.62,169.6384
1758207900,2025,9,18,15,5,169.55,169.775,169.4993,169.75
1758207600,2025,9,18,15,0,169.0727,169.59,169.07,169.52
1758207300,2025,9,18,14,55,168.98,169.2,168.785,169.15
1758207000,2025,9,18,14,50,168.64,169.0389,168.61,168.825
1758206700,2025,9,18,14,45,168.285,168.67,168.28,168.645
1758206400,2025,9,18,14,40,168.411,168.56,168.25,168.28
1758206100,2025,9,18,14,35,168.63,168.67,168.37,168.46
1758205800,2025,9,18,14,30,168.14,168.6999,168.07,168.5913
1758205500,2025,9,18,14,25,168.1013,168.15,168.0,168.07
1758205200,2025,9,18,14,20,168.345,168.36,167.92,168.09
1758204900,2025,9,18,14,15,168.4195,168.5,168.2976,168.2976
1758204600,2025,9,18,14,10,168.77,168.77,168.36,168.455
1758204300,2025,9,18,14,5,168.9984,169.05,168.67,168.81
1758204000,2025,9,18,14,0,168.965,169.02,168.86,168.99
1758203700,2025,9,18,13,55,169.04,169.09,168.7616,168.985
1758203400,2025,9,18,13,50,169.364,169.43,169.0001,169.1
1758203100,2025,9,18,13,45,169.69,169.7198,169.315,169.35
1758202800,2025,9,18,13,40,169.62,169.9,169.5,169.695
1758202500,2025,9,18,13,35,169.775,169.94,169.5,169.7
1758202200,2025,9,18,13,30,170.255,170.255,169.775,169.78
1758201900,2025,9,18,13,25,170.67,170.72,170.21,170.26
1758201600,2025,9,18,13,20,170.4437,170.71,170.39,170.67
1758201300,2025,9,18,13,15,170.545,170.5781,170.24,170.5
1758201000,2025,9,18,13,10,169.9703,170.585,169.87,170.585
1758200700,2025,9,18,13,5,169.77,170.0182,169.67,169.911
1758200400,2025,9,18,13,0,169.59,169.83,169.47,169.72
1758200100,2025,9,18,12,55,169.83,170.01,169.5901,169.66
1758199800,2025,9,18,12,50,170.0301,170.29,169.81,169.835
1758199500,2025,9,18,12,45,170.0301,170.48,170.01,170.1051
1758199200,2025,9,18,12,40,170.05,170.1985,169.92,170.085
1758198900,2025,9,18,12,35,170.1196,170.1299,169.81,170.0
1758198600,2025,9,18,12,30,170.2,170.3,170.1,170.1
1758198300,2025,9,18,12,25,170.175,170.27,169.98,170.13
1758198000,2025,9,18,12,20,169.68,170.3066,169.625,170.1501
1758197700,2025,9,18,12,15,169.44,169.7816,169.28,169.665
1758197400,2025,9,18,12,10,168.79,169.42,168.54,169.355
1758197100,2025,9,18,12,5,168.6901,169.1199,168.6017,168.7699
1758196800,2025,9,18,12,0,168.77,168.8287,168.35,168.6801
1758196500,2025,9,18,11,55,168.915,168.98,168.65,168.831
1758196200,2025,9,18,11,50,169.64,169.68,168.8,168.915
1758195900,2025,9,18,11,45,169.69,170.0394,169.59,169.59
1758195600,2025,9,18,11,40,169.625,169.97,169.53,169.7
1758195300,2025,9,18,11,35,169.7,169.99,169.56,169.67
1758195000,2025,9,18,11,30,169.56,169.74,169.29,169.651
1758194700,2025,9,18,11,25,169.085,169.61,168.9101,169.54
1758194400,2025,9,18,11,20,169.185,169.34,168.69,169.0969
1758194100,2025,9,18,11,15,169.4444,169.5,169.0,169.23
1758193800,2025,9,18,11,10,169.02,169.4582,168.96,169.4582
1758193500,2025,9,18,11,5,168.8599,169.2783,168.58,169.02
1758193200,2025,9,18,11,0,168.81,168.99,168.41,168.76
1758192900,2025,9,18,10,55,169.175,169.33,168.41,168.82
1758192600,2025,9,18,10,50,169.64,169.75,169.07,169.175
1758192300,2025,9,18,10,45,169.3499,170.24,169.14,169.805
1758192000,2025,9,18,10,40,168.9574,169.33,168.65,169.25
1758191700,2025,9,18,10,35,169.25,169.33,168.76,168.8888
1758191400,2025,9,18,10,30,169.5355,169.65,168.96,169.245
1758191100,2025,9,18,10,25,168.74,169.7787,168.66,169.585
1758190800,2025,9,18,10,20,168.855,169.1,168.52,168.79
1758190500,2025,9,18,10,15,168.495,168.98,168.07,168.8405
1758190200,2025,9,18,10,10,168.5,168.93,168.32,168.51
1758189900,2025,9,18,10,5,168.245,168.77,168.01,168.405
1758189600,2025,9,18,10,0,167.97,168.3016,167.75,168.26
1758189300,2025,9,18,9,55,167.69,168.19,167.67,167.995
1758189000,2025,9,18,9,50,167.3,168.09,167.295,167.62
1758188700,2025,9,18,9,45,166.9,167.72,166.8,167.265
1758188400,2025,9,18,9,40,168.25,168.72,166.6201,166.975
1758188100,2025,9,18,9,35,168.14,169.2865,167.54,168.23
1758187800,2025,9,18,9,30,169.02,169.28,166.52,168.115
1758124500,2025,9,17,15,55,163.6,163.8528,163.1,163.46
1758124200,2025,9,17,15,50,163.43,163.76,163.31,163.61
1758123900,2025,9,17,15,45,163.36,163.5,163.11,163.4
1758123600,2025,9,17,15,40,163.05,163.49,163.0,163.415
1758123300,2025,9,17,15,35,163.115,163.4699,162.98,163.11
1758123000,2025,9,17,15,30,163.52,163.5733,162.94,163.11
1758122700,2025,9,17,15,25,163.86,163.91,163.57,163.57
1758122400,2025,9,17,15,20,163.36,163.94,163.34,163.86
1758122100,2025,9,17,15,15,162.95,163.88,162.95,163.36
1758121800,2025,9,17,15,10,163.6,163.865,162.86,163.0199
1758121500,2025,9,17,15,5,163.2,164.06,163.09,163.62
1758121200,2025,9,17,15,0,163.14,163.58,162.82,163.16
1758120900,2025,9,17,14,55,162.62,163.4,162.62,163.25
1758120600,2025,9,17,14,50,163.12,163.265,162.23,162.52
1758120300,2025,9,17,14,45,163.0971,163.64,162.59,163.0026
1758120000,2025,9,17,14,40,162.83,163.6699,162.7509,163.125
1758119700,2025,9,17,14,35,163.59,163.88,162.765,162.8375
1758119400,2025,9,17,14,30,164.51,164.6476,163.475,163.6699
1758119100,2025,9,17,14,25,164.32,164.73,164.2,164.6498
1758118800,2025,9,17,14,20,164.235,164.5758,163.55,164.41
1758118500,2025,9,17,14,15,164.105,164.5848,163.91,164.235
1758118200,2025,9,17,14,10,165.11,165.28,164.1,164.1
1758117900,2025,9,17,14,5,165.19,165.69,164.91,165.21
1758117600,2025,9,17,14,0,164.15,165.22,164.04,165.19
1758117300,2025,9,17,13,55,164.04,164.1898,164.0,164.15
1758117000,2025,9,17,13,50,163.63,164.07,163.58,164.07
1758116700,2025,9,17,13,45,163.51,163.62,163.27,163.62
1758116400,2025,9,17,13,40,163.5018,163.63,163.4,163.5623
1758116100,2025,9,17,13,35,163.5,163.66,163.44,163.51
1758115800,2025,9,17,13,30,163.555,163.6,163.4,163.475
1758115500,2025,9,17,13,25,163.66,163.74,163.5,163.545
1758115200,2025,9,17,13,20,163.79,163.849,163.615,163.71
1758114900,2025,9,17,13,15,163.89,163.999,163.81,163.81
1758114600,2025,9,17,13,10,164.03,164.12,163.81,163.94
1758114300,2025,9,17,13,5,164.145,164.487,164.1,164.1594
1758114000,2025,9,17,13,0,164.0128,164.21,164.0128,164.21
1758113700,2025,9,17,12,55,164.105,164.13,163.8,163.965
1758113400,2025,9,17,12,50,164.16,164.24,164.03,164.1
1758113100,2025,9,17,12,45,164.49,164.49,164.16,164.16
1758112800,2025,9,17,12,40,164.3847,164.49,164.21,164.395
1758112500,2025,9,17,12,35,164.49,164.52,164.2,164.3517
1758112200,2025,9,17,12,30,164.115,164.49,164.115,164.45
1758111900,2025,9,17,12,25,164.2,164.23,163.94,164.12
1758111600,2025,9,17,12,20,164.295,164.4338,164.154,164.1856
1758111300,2025,9,17,12,15,164.33,164.4,164.21,164.35
1758111000,2025,9,17,12,10,164.32,164.45,164.235,164.345
1758110700,2025,9,17,12,5,164.615,164.635,164.28,164.29
1758110400,2025,9,17,12,0,164.385,164.63,164.2669,164.6168
1758110100,2025,9,17,11,55,164.43,164.4999,164.29,164.385
1758109800,2025,9,17,11,50,164.295,164.548,164.2417,164.5
1758109500,2025,9,17,11,45,164.04,164.36,163.68,164.285
1758109200,2025,9,17,11,40,163.775,164.05,163.6,164.05
1758108900,2025,9,17,11,35,164.14,164.26,163.7,163.75
1758108600,2025,9,17,11,30,164.225,164.25,163.92,164.14
1758108300,2025,9,17,11,25,163.9029,164.3102,163.9,164.23
1758108000,2025,9,17,11,20,163.765,164.0,163.42,163.9
1758107700,2025,9,17,11,15,164.02,164.05,163.75,163.76
1758107400,2025,9,17,11,10,163.82,164.2026,163.82,164.09
1758107100,2025,9,17,11,5,163.77,163.92,163.68,163.7614
1758106800,2025,9,17,11,0,163.93,164.08,163.7,163.76
1758106500,2025,9,17,10,55,163.74,163.93,163.64,163.9
1758106200,2025,9,17,10,50,164.055,164.055,163.58,163.73
1758105900,2025,9,17,10,45,163.96,164.11,163.85,164.08
1758105600,2025,9,17,10,40,163.915,163.98,163.66,163.9581
1758105300,2025,9,17,10,35,163.81,163.99,163.75,163.9589
1758105000,2025,9,17,10,30,163.85,164.12,163.74,163.77
1758104700,2025,9,17,10,25,163.5,163.91,163.47,163.87
1758104400,2025,9,17,10,20,163.515,163.73,163.35,163.48
1758104100,2025,9,17,10,15,163.79,163.86,163.4816,163.515
1758103800,2025,9,17,10,10,164.64,164.66,163.745,163.745
1758103500,2025,9,17,10,5,164.49,164.9,164.41,164.705
1758103200,2025,9,17,10,0,164.87,165.18,164.43,164.475
1758102900,2025,9,17,9,55,165.0259,165.0259,164.5201,164.87
1758102600,2025,9,17,9,50,164.861,165.1999,164.4,164.9125
1758102300,2025,9,17,9,45,165.1395,165.18,164.6,164.9
1758102000,2025,9,17,9,40,164.6,165.2,164.36,165.075
1758101700,2025,9,17,9,35,164.17,165.29,163.8,164.55
1758101400,2025,9,17,9,30,162.34,164.2,162.22,164.1302
1758038100,2025,9,16,15,55,162.32,162.44,162.15,162.34
1758037800,2025,9,16,15,50,162.16,162.37,162.0,162.33
1758037500,2025,9,16,15,45,162.02,162.14,161.8,162.115
1758037200,2025,9,16,15,40,161.79,162.045,161.76,162.045
1758036900,2025,9,16,15,35,161.815,161.915,161.75,161.79
1758036600,2025,9,16,15,30,161.92,161.9956,161.75,161.815
1758036300,2025,9,16,15,25,161.94,162.03,161.73,161.95
1758036000,2025,9,16,15,20,161.9051,162.06,161.87,161.96
1758035700,2025,9,16,15,15,162.005,162.0051,161.82,161.86
1758035400,2025,9,16,15,10,162.17,162.17,161.93,162.005
1758035100,2025,9,16,15,5,162.065,162.13,161.95,162.11
1758034800,2025,9,16,15,0,162.4,162.46,162.05,162.05
1758034500,2025,9,16,14,55,162.33,162.55,162.33,162.45
1758034200,2025,9,16,14,50,162.14,162.43,162.13,162.33
1758033900,2025,9,16,14,45,162.055,162.189,162.04,162.13
1758033600,2025,9,16,14,40,161.85,162.13,161.83,162.1
1758033300,2025,9,16,14,35,161.8241,161.93,161.75,161.83
1758033000,2025,9,16,14,30,161.555,161.89,161.555,161.8525
1758032700,2025,9,16,14,25,161.6444,161.6444,161.44,161.56
1758032400,2025,9,16,14,20,161.5007,161.7664,161.4,161.63
1758032100,2025,9,16,14,15,161.565,161.59,161.48,161.54
1758031800,2025,9,16,14,10,161.705,161.705,161.47,161.55
1758031500,2025,9,16,14,5,162.0,162.0,161.68,161.68
1758031200,2025,9,16,14,0,161.845,162.12,161.75,162.045
1758030900,2025,9,16,13,55,161.9751,162.02,161.78,161.78
1758030600,2025,9,16,13,50,162.21,162.2481,161.93,161.99
1758030300,2025,9,16,13,45,162.24,162.28,162.02,162.205
1758030000,2025,9,16,13,40,162.36,162.36,162.0,162.24
1758029700,2025,9,16,13,35,162.505,162.54,162.315,162.36
1758029400,2025,9,16,13,30,162.46,162.54,162.36,162.54
1758029100,2025,9,16,13,25,162.58,162.75,162.465,162.465
1758028800,2025,9,16,13,20,162.3,162.65,162.18,162.55
1758028500,2025,9,16,13,15,162.205,162.35,162.1925,162.2301
1758028200,2025,9,16,13,10,162.02,162.295,162.01,162.21
1758027900,2025,9,16,13,5,162.4551,162.51,162.02,162.06
1758027600,2025,9,16,13,0,162.89,163.1299,162.445,162.49
1758027300,2025,9,16,12,55,163.597,163.62,162.78,162.91
1758027000,2025,9,16,12,50,162.685,163.64,162.495,163.59
1758026700,2025,9,16,12,45,162.675,162.8,162.56,162.68
1758026400,2025,9,16,12,40,162.68,162.7,162.57,162.68
1758026100,2025,9,16,12,35,162.41,162.7399,162.2639,162.7399
1758025800,2025,9,16,12,30,162.4,162.52,162.24,162.46
1758025500,2025,9,16,12,25,162.3701,162.617,162.35,162.46
1758025200,2025,9,16,12,20,162.78,162.78,162.39,162.415
1758024900,2025,9,16,12,15,162.53,162.88,162.52,162.74
1758024600,2025,9,16,12,10,162.165,162.54,162.11,162.47
1758024300,2025,9,16,12,5,161.87,162.135,161.69,162.135
1758024000,2025,9,16,12,0,161.9194,162.16,161.75,161.865
1758023700,2025,9,16,11,55,162.16,162.21,161.83,161.95
1758023400,2025,9,16,11,50,163.1,163.21,162.03,162.14
1758023100,2025,9,16,11,45,162.64,163.17,162.6225,163.1301
1758022800,2025,9,16,11,40,162.52,162.93,162.35,162.6225
1758022500,2025,9,16,11,35,162.5,162.88,162.44,162.58
1758022200,2025,9,16,11,30,162.08,162.48,162.08,162.48
1758021900,2025,9,16,11,25,162.135,162.295,161.88,162.1617
1758021600,2025,9,16,11,20,161.76,162.62,161.68,162.16
1758021300,2025,9,16,11,15,162.315,162.55,161.58,161.76
1758021000,2025,9,16,11,10,161.26,162.38,161.26,162.35
1758020700,2025,9,16,11,5,161.08,161.32,161.045,161.185
1758020400,2025,9,16,11,0,160.815,161.06,160.7201,161.045
1758020100,2025,9,16,10,55,160.658,160.95,160.32,160.82
1758019800,2025,9,16,10,50,160.61,160.88,160.51,160.625
1758019500,2025,9,16,10,45,160.5023,160.8301,160.24,160.73
1758019200,2025,9,16,10,40,160.55,160.687,160.3733,160.47
1758018900,2025,9,16,10,35,160.57,160.75,160.41,160.63
1758018600,2025,9,16,10,30,161.05,161.1,160.42,160.5451
1758018300,2025,9,16,10,25,161.08,161.205,160.73,161.0
1758018000,2025,9,16,10,20,160.975,161.26,160.8108,161.08
1758017700,2025,9,16,10,15,160.38,161.0392,160.2,160.93
1758017400,2025,9,16,10,10,160.38,160.4799,160.02,160.38
1758017100,2025,9,16,10,5,160.61,160.8,160.365,160.37
1758016800,2025,9,16,10,0,160.59,160.93,160.46,160.565
1758016500,2025,9,16,9,55,160.63,160.88,160.34,160.68
1758016200,2025,9,16,9,50,161.18,161.3283,160.5594,160.645
1758015900,2025,9,16,9,45,161.12,161.3976,160.52,161.175
1758015600,2025,9,16,9,40,161.94,161.955,160.68,161.22
1758015300,2025,9,16,9,35,162.65,163.1523,161.725,162.086
1758015000,2025,9,16,9,30,160.0,162.92,159.75,162.68
1757951700,2025,9,15,15,55,160.02,160.2672,159.88,159.97
1757951400,2025,9,15,15,50,160.3,160.4126,159.83,160.03
1757951100,2025,9,15,15,45,160.465,160.6226,160.3,160.365
1757950800,2025,9,15,15,40,160.47,160.6725,160.36,160.48
1757950500,2025,9,15,15,35,160.89,160.89,160.42,160.42
1757950200,2025,9,15,15,30,161.305,161.3099,160.83,160.83
1757949900,2025,9,15,15,25,161.08,161.55,161.08,161.36
1757949600,2025,9,15,15,20,161.51,161.56,161.08,161.095
1757949300,2025,9,15,15,15,161.4684,161.63,161.43,161.454
1757949000,2025,9,15,15,10,161.42,161.5,161.34,161.47
1757948700,2025,9,15,15,5,161.39,161.5699,161.32,161.39
1757948400,2025,9,15,15,0,161.435,161.89,161.33,161.33
1757948100,2025,9,15,14,55,161.71,161.73,161.4001,161.435
1757947800,2025,9,15,14,50,161.65,161.81,161.61,161.72
1757947500,2025,9,15,14,45,161.48,161.644,161.355,161.62
1757947200,2025,9,15,14,40,161.215,161.49,161.215,161.45
1757946900,2025,9,15,14,35,161.155,161.35,161.09,161.215
1757946600,2025,9,15,14,30,160.85,161.3736,160.8,161.1634
1757946300,2025,9,15,14,25,161.01,161.02,160.74,160.85
1757946000,2025,9,15,14,20,160.83,161.04,160.83,161.0
1757945700,2025,9,15,14,15,160.95,161.045,160.78,160.815
1757945400,2025,9,15,14,10,161.26,161.26,160.9,160.95
1757945100,2025,9,15,14,5,161.67,161.787,161.3,161.32
1757944800,2025,9,15,14,0,161.91,161.91,161.6175,161.67
1757944500,2025,9,15,13,55,161.7705,161.97,161.7705,161.93
1757944200,2025,9,15,13,50,162.03,162.045,161.7,161.8
1757943900,2025,9,15,13,45,161.825,162.165,161.825,162.015
1757943600,2025,9,15,13,40,161.54,161.88,161.51,161.8242
1757943300,2025,9,15,13,35,161.44,161.6,161.41,161.5
1757943000,2025,9,15,13,30,161.15,161.3322,161.14,161.3284
1757942700,2025,9,15,13,25,160.9616,161.105,160.86,161.105
1757942400,2025,9,15,13,20,161.1132,161.15,160.9,160.955
1757942100,2025,9,15,13,15,161.31,161.33,161.04,161.175
1757941800,2025,9,15,13,10,161.685,161.73,161.33,161.33
1757941500,2025,9,15,13,5,161.6239,162.06,161.6191,161.67
1757941200,2025,9,15,13,0,161.695,161.98,161.61,161.675
1757940900,2025,9,15,12,55,161.74,161.9219,161.6,161.69
1757940600,2025,9,15,12,50,161.14,161.78,161.135,161.74
1757940300,2025,9,15,12,45,161.41,161.41,161.0,161.1
1757940000,2025,9,15,12,40,161.21,161.46,161.18,161.41
1757939700,2025,9,15,12,35,160.85,161.175,160.77,161.175
1757939400,2025,9,15,12,30,160.67,161.11,160.6001,160.8859
1757939100,2025,9,15,12,25,160.525,160.74,160.5,160.685
1757938800,2025,9,15,12,20,160.84,160.8422,160.4,160.5
1757938500,2025,9,15,12,15,161.025,161.07,160.715,160.81
1757938200,2025,9,15,12,10,161.0,161.26,160.7781,161.025
1757937900,2025,9,15,12,5,161.03,161.18,160.83,160.983
1757937600,2025,9,15,12,0,160.675,161.03,160.675,161.03
1757937300,2025,9,15,11,55,160.34,160.79,160.3,160.68
1757937000,2025,9,15,11,50,160.2458,160.41,160.241,160.35
1757936700,2025,9,15,11,45,160.28,160.2828,160.02,160.245
1757936400,2025,9,15,11,40,160.2601,160.3464,160.12,160.305
1757936100,2025,9,15,11,35,160.3089,160.3599,160.1401,160.25
1757935800,2025,9,15,11,30,160.2601,160.4,160.17,160.27
1757935500,2025,9,15,11,25,160.04,160.4,159.93,160.275
1757935200,2025,9,15,11,20,160.32,160.47,160.04,160.05
1757934900,2025,9,15,11,15,160.56,160.56,160.03,160.29
1757934600,2025,9,15,11,10,160.4,160.76,160.25,160.55
1757934300,2025,9,15,11,5,160.461,160.6705,160.165,160.34
1757934000,2025,9,15,11,0,160.32,160.66,160.2,160.47
1757933700,2025,9,15,10,55,160.22,160.4854,160.0,160.27
1757933400,2025,9,15,10,50,160.5678,160.5678,160.1871,160.22
1757933100,2025,9,15,10,45,160.9375,160.98,160.5,160.55
1757932800,2025,9,15,10,40,161.17,161.49,160.89,160.935
1757932500,2025,9,15,10,35,161.42,161.62,161.13,161.17
1757932200,2025,9,15,10,30,161.33,161.62,161.0113,161.417
1757931900,2025,9,15,10,25,160.73,161.54,160.6501,161.33
1757931600,2025,9,15,10,20,160.5,160.75,160.22,160.685
1757931300,2025,9,15,10,15,160.67,160.7173,160.48,160.5004
1757931000,2025,9,15,10,10,161.0856,161.2887,160.6429,160.68
1757930700,2025,9,15,10,5,161.1353,161.55,160.88,161.0801
1757930400,2025,9,15,10,0,161.35,161.85,161.02,161.085
1757930100,2025,9,15,9,55,160.7216,161.5,160.7204,161.39
1757929800,2025,9,15,9,50,160.7,160.9099,160.475,160.7041
1757929500,2025,9,15,9,45,160.27,160.84,159.93,160.7
1757929200,2025,9,15,9,40,159.67,160.48,159.56,160.31
1757928900,2025,9,15,9,35,160.3,160.5,159.2515,159.67
1757928600,2025,9,15,9,30,160.73,161.5,160.183,160.183
1757692500,2025,9,12,15,55,160.01,160.23,159.84,159.865
1757692200,2025,9,12,15,50,160.0,160.19,159.78,160.0
1757691900,2025,9,12,15,45,160.23,160.3499,159.85,159.98
1757691600,2025,9,12,15,40,160.285,160.285,160.045,160.21
1757691300,2025,9,12,15,35,160.39,160.47,160.27,160.29
1757691000,2025,9,12,15,30,160.5,160.5,160.27,160.38
1757690700,2025,9,12,15,25,160.6651,160.74,160.38,160.465
1757690400,2025,9,12,15,20,160.649,160.765,160.625,160.665
1757690100,2025,9,12,15,15,160.685,160.75,160.54,160.61
1757689800,2025,9,12,15,10,160.7022,160.7499,160.595,160.685
1757689500,2025,9,12,15,5,160.67,160.78,160.61,160.735
1757689200,2025,9,12,15,0,160.455,160.7799,160.37,160.645
1757688900,2025,9,12,14,55,160.49,160.575,160.38,160.4625
1757688600,2025,9,12,14,50,160.549,160.57,160.4,160.49
1757688300,2025,9,12,14,45,160.545,160.59,160.48,160.51
1757688000,2025,9,12,14,40,160.49,160.57,160.35,160.57
1757687700,2025,9,12,14,35,160.556,160.62,160.4636,160.47
1757687400,2025,9,12,14,30,160.4117,160.58,160.405,160.565
1757687100,2025,9,12,14,25,160.25,160.435,160.17,160.435
1757686800,2025,9,12,14,20,160.36,160.36,160.22,160.27
1757686500,2025,9,12,14,15,160.36,160.38,160.26,160.34
1757686200,2025,9,12,14,10,160.32,160.39,160.18,160.335
1757685900,2025,9,12,14,5,160.185,160.422,160.1,160.32
1757685600,2025,9,12,14,0,160.46,160.55,160.1225,160.1868
1757685300,2025,9,12,13,55,160.2969,160.4291,160.18,160.39
1757685000,2025,9,12,13,50,160.4498,160.469,160.25,160.28
1757684700,2025,9,12,13,45,160.0,160.4899,159.98,160.45
1757684400,2025,9,12,13,40,160.265,160.2799,159.9,159.975
1757684100,2025,9,12,13,35,160.1884,160.315,159.75,160.265
1757683800,2025,9,12,13,30,160.305,160.445,160.13,160.1533
1757683500,2025,9,12,13,25,160.4401,160.5299,160.25,160.3
1757683200,2025,9,12,13,20,160.41,160.57,160.39,160.5293
1757682900,2025,9,12,13,15,160.24,160.4599,160.1,160.41
1757682600,2025,9,12,13,10,160.33,160.4227,160.24,160.24
1757682300,2025,9,12,13,5,160.545,160.545,160.1814,160.33
1757682000,2025,9,12,13,0,161.045,161.08,160.529,160.54
1757681700,2025,9,12,12,55,161.11,161.13,160.98,161.04
1757681400,2025,9,12,12,50,161.365,161.4,161.14,161.1999
1757681100,2025,9,12,12,45,161.31,161.42,161.29,161.3101
1757680800,2025,9,12,12,40,161.15,161.35,161.15,161.33
1757680500,2025,9,12,12,35,161.31,161.3396,161.08,161.17
1757680200,2025,9,12,12,30,160.98,161.38,160.98,161.33
1757679900,2025,9,12,12,25,161.02,161.09,160.94,160.99
1757679600,2025,9,12,12,20,161.298,161.298,160.86,161.04
1757679300,2025,9,12,12,15,160.9,161.43,160.9,161.28
1757679000,2025,9,12,12,10,160.964,161.0,160.7901,160.8839
1757678700,2025,9,12,12,5,160.96,160.98,160.7,160.96
1757678400,2025,9,12,12,0,161.115,161.115,160.83,160.928
1757678100,2025,9,12,11,55,161.045,161.15,160.99,161.1
1757677800,2025,9,12,11,50,161.14,161.22,160.95,161.08
1757677500,2025,9,12,11,45,160.715,161.22,160.69,161.1351
1757677200,2025,9,12,11,40,160.8505,160.88,160.5692,160.7219
1757676900,2025,9,12,11,35,161.07,161.1999,160.79,160.79
1757676600,2025,9,12,11,30,160.92,161.1396,160.73,161.0
1757676300,2025,9,12,11,25,160.87,161.22,160.82,160.964
1757676000,2025,9,12,11,20,161.21,161.27,160.84,160.9
1757675700,2025,9,12,11,15,160.865,161.24,160.86,161.19
1757675400,2025,9,12,11,10,161.12,161.12,160.8,160.865
1757675100,2025,9,12,11,5,161.3535,161.3535,160.85,161.12
1757674800,2025,9,12,11,0,161.68,161.7,161.34,161.36
1757674500,2025,9,12,10,55,161.18,161.74,161.165,161.665
1757674200,2025,9,12,10,50,161.145,161.33,161.0,161.22
1757673900,2025,9,12,10,45,160.83,161.26,160.68,161.14
1757673600,2025,9,12,10,40,160.81,160.98,160.72,160.91
1757673300,2025,9,12,10,35,160.905,160.9718,160.67,160.82
1757673000,2025,9,12,10,30,161.21,161.21,160.69,160.9499
1757672700,2025,9,12,10,25,161.699,161.72,161.11,161.22
1757672400,2025,9,12,10,20,161.1,161.89,161.0,161.66
1757672100,2025,9,12,10,15,161.265,161.3761,160.98,161.1169
1757671800,2025,9,12,10,10,161.398,161.45,160.92,161.2163
1757671500,2025,9,12,10,5,161.93,161.93,161.25,161.3116
1757671200,2025,9,12,10,0,162.5499,162.5499,161.5765,161.92
1757670900,2025,9,12,9,55,162.425,162.9,162.16,162.3091
1757670600,2025,9,12,9,50,162.348,162.6799,162.25,162.45
1757670300,2025,9,12,9,45,163.2,163.23,162.11,162.38
1757670000,2025,9,12,9,40,163.64,163.64,162.89,163.25
1757669700,2025,9,12,9,35,164.26,164.3394,163.5,163.6
1757669400,2025,9,12,9,30,165.26,165.93,164.08,164.31
1757606100,2025,9,11,15,55,165.78,165.93,165.53,165.79
1757605800,2025,9,11,15,50,165.171,165.86,165.02,165.7938
1757605500,2025,9,11,15,45,165.0007,165.28,164.88,165.2481
1757605200,2025,9,11,15,40,165.01,165.1,164.9,165.044
1757604900,2025,9,11,15,35,165.0,165.18,164.96,165.06
1757604600,2025,9,11,15,30,165.37,165.405,164.94,164.99
1757604300,2025,9,11,15,25,165.435,165.5168,165.2476,165.374
1757604000,2025,9,11,15,20,165.331,165.6149,165.331,165.43
1757603700,2025,9,11,15,15,165.49,165.61,165.32,165.32
1757603400,2025,9,11,15,10,165.55,165.65,165.465,165.5
1757603100,2025,9,11,15,5,165.9706,166.0,165.51,165.58
1757602800,2025,9,11,15,0,166.1253,166.15,165.92,166.015
1757602500,2025,9,11,14,55,166.28,166.29,166.04,166.08
1757602200,2025,9,11,14,50,166.065,166.4899,166.065,166.305
1757601900,2025,9,11,14,45,165.9284,166.0783,165.91,166.07
1757601600,2025,9,11,14,40,165.93,166.01,165.74,165.97
1757601300,2025,9,11,14,35,166.1125,166.16,165.93,165.93
1757601000,2025,9,11,14,30,166.2,166.34,166.061,166.061
1757600700,2025,9,11,14,25,166.23,166.33,166.16,166.2
1757600400,2025,9,11,14,20,166.2,166.325,166.06,166.22
1757600100,2025,9,11,14,15,166.12,166.42,166.02,166.2
1757599800,2025,9,11,14,10,165.95,166.1891,165.95,166.03
1757599500,2025,9,11,14,5,166.35,166.394,165.9,165.955
1757599200,2025,9,11,14,0,166.36,166.41,166.0701,166.4
1757598900,2025,9,11,13,55,166.285,166.41,166.09,166.361
1757598600,2025,9,11,13,50,166.3501,166.4201,166.15,166.285
1757598300,2025,9,11,13,45,166.014,166.3656,166.0,166.3549
1757598000,2025,9,11,13,40,165.915,166.19,165.89,166.0
1757597700,2025,9,11,13,35,166.02,166.06,165.83,165.87
1757597400,2025,9,11,13,30,165.86,166.1,165.81,166.01
1757597100,2025,9,11,13,25,166.25,166.25,165.82,165.86
1757596800,2025,9,11,13,20,166.05,166.33,166.0,166.23
1757596500,2025,9,11,13,15,166.11,166.17,165.89,165.95
1757596200,2025,9,11,13,10,165.8301,166.1331,165.74,166.0609
1757595900,2025,9,11,13,5,165.88,165.9,165.74,165.9
1757595600,2025,9,11,13,0,165.72,165.83,165.57,165.785
1757595300,2025,9,11,12,55,165.71,165.78,165.56,165.78
1757595000,2025,9,11,12,50,165.795,165.8052,165.48,165.71
1757594700,2025,9,11,12,45,165.65,165.795,165.47,165.795
1757594400,2025,9,11,12,40,165.8,165.805,165.54,165.65
1757594100,2025,9,11,12,35,165.79,165.89,165.6022,165.7
1757593800,2025,9,11,12,30,165.9552,165.964,165.65,165.86
1757593500,2025,9,11,12,25,165.805,166.096,165.8,165.925
1757593200,2025,9,11,12,20,165.73,165.9492,165.6616,165.805
1757592900,2025,9,11,12,15,165.47,165.98,165.44,165.77
1757592600,2025,9,11,12,10,165.33,165.52,165.2101,165.42
1757592300,2025,9,11,12,5,165.145,165.43,164.9988,165.34
1757592000,2025,9,11,12,0,165.1401,165.27,164.77,165.145
1757591700,2025,9,11,11,55,165.025,165.21,164.88,165.14
1757591400,2025,9,11,11,50,164.97,165.0608,164.88,164.98
1757591100,2025,9,11,11,45,165.1401,165.35,164.91,164.97
1757590800,2025,9,11,11,40,165.57,165.58,165.07,165.08
1757590500,2025,9,11,11,35,165.93,165.93,165.45,165.57
1757590200,2025,9,11,11,30,166.52,166.7761,165.8522,165.9
1757589900,2025,9,11,11,25,166.7587,167.07,166.48,166.515
1757589600,2025,9,11,11,20,166.43,166.755,166.325,166.755
1757589300,2025,9,11,11,15,166.72,166.94,166.38,166.405
1757589000,2025,9,11,11,10,167.175,167.28,166.7,166.7
1757588700,2025,9,11,11,5,168.06,168.06,167.05,167.175
1757588400,2025,9,11,11,0,168.07,168.3964,167.93,168.01
1757588100,2025,9,11,10,55,168.1,168.254,167.93,168.07
1757587800,2025,9,11,10,50,167.805,168.2,167.6102,168.2
1757587500,2025,9,11,10,45,168.02,168.19,167.76,167.76
1757587200,2025,9,11,10,40,167.19,168.18,167.01,168.055
1757586900,2025,9,11,10,35,167.08,167.24,166.88,167.19
1757586600,2025,9,11,10,30,167.85,167.85,166.8846,167.0
1757586300,2025,9,11,10,25,167.83,168.25,167.76,167.8572
1757586000,2025,9,11,10,20,167.91,168.32,167.6465,167.8139
1757585700,2025,9,11,10,15,168.3,168.36,167.7511,167.89
1757585400,2025,9,11,10,10,167.88,168.59,167.7201,168.285
1757585100,2025,9,11,10,5,167.12,168.09,167.0,167.85
1757584800,2025,9,11,10,0,167.71,167.97,167.02,167.02
1757584500,2025,9,11,9,55,167.09,168.5,167.09,167.7
1757584200,2025,9,11,9,50,166.59,167.2,166.5701,167.13
1757583900,2025,9,11,9,45,165.75,166.9,165.59,166.5151
1757583600,2025,9,11,9,40,165.73,166.75,165.6801,165.76
1757583300,2025,9,11,9,35,165.545,166.44,165.2322,165.855
1757583000,2025,9,11,9,30,163.955,165.85,163.34,165.54
1757519700,2025,9,10,15,55,164.19,164.445,163.9,163.91
1757519400,2025,9,10,15,50,163.48,164.19,163.475,164.155
1757519100,2025,9,10,15,45,163.335,163.5855,163.335,163.465
1757518800,2025,9,10,15,40,163.38,163.67,163.2,163.3
1757518500,2025,9,10,15,35,163.52,163.6401,163.3701,163.39
1757518200,2025,9,10,15,30,163.49,163.65,163.43,163.51
1757517900,2025,9,10,15,25,163.73,163.79,163.38,163.495
1757517600,2025,9,10,15,20,163.86,163.9,163.63,163.755
1757517300,2025,9,10,15,15,163.795,163.97,163.72,163.825
1757517000,2025,9,10,15,10,163.97,164.0408,163.72,163.795
1757516700,2025,9,10,15,5,164.02,164.2011,163.9101,163.93
1757516400,2025,9,10,15,0,164.1508,164.265,163.99,163.99
1757516100,2025,9,10,14,55,164.06,164.2,163.91,164.19
1757515800,2025,9,10,14,50,164.0475,164.1415,163.94,164.08
1757515500,2025,9,10,14,45,164.285,164.285,163.93,164.045
1757515200,2025,9,10,14,40,164.21,164.47,164.21,164.33
1757514900,2025,9,10,14,35,164.31,164.51,164.17,164.205
1757514600,2025,9,10,14,30,164.09,164.365,164.05,164.32
1757514300,2025,9,10,14,25,163.91,164.12,163.91,164.12
1757514000,2025,9,10,14,20,163.82,163.9324,163.6227,163.905
1757513700,2025,9,10,14,15,163.775,163.93,163.6008,163.8201
1757513400,2025,9,10,14,10,163.8686,163.87,163.6,163.748
1757513100,2025,9,10,14,5,164.09,164.09,163.68,163.84
1757512800,2025,9,10,14,0,164.29,164.39,164.1,164.1
1757512500,2025,9,10,13,55,164.66,164.66,164.175,164.245
1757512200,2025,9,10,13,50,164.7101,164.82,164.63,164.63
1757511900,2025,9,10,13,45,164.5,164.8799,164.5,164.8799
1757511600,2025,9,10,13,40,164.605,164.685,164.495,164.5
1757511300,2025,9,10,13,35,164.355,164.6,164.3498,164.59
1757511000,2025,9,10,13,30,164.22,164.36,164.17,164.36
1757510700,2025,9,10,13,25,164.32,164.32,164.13,164.25
1757510400,2025,9,10,13,20,164.15,164.37,164.1318,164.2988
1757510100,2025,9,10,13,15,164.56,164.6,164.15,164.185
1757509800,2025,9,10,13,10,164.615,164.624,164.38,164.58
1757509500,2025,9,10,13,5,164.55,164.7258,164.42,164.5213
1757509200,2025,9,10,13,0,164.32,164.554,164.096,164.515
1757508900,2025,9,10,12,55,164.2212,164.4,164.2212,164.375
1757508600,2025,9,10,12,50,164.31,164.32,164.1,164.17
1757508300,2025,9,10,12,45,164.18,164.41,164.1,164.2605
1757508000,2025,9,10,12,40,164.195,164.345,164.17,164.2001
1757507700,2025,9,10,12,35,164.5,164.5999,164.1644,164.2075
1757507400,2025,9,10,12,30,164.57,164.5824,164.385,164.53
1757507100,2025,9,10,12,25,164.595,164.83,164.55,164.58
1757506800,2025,9,10,12,20,164.64,164.665,164.42,164.592
1757506500,2025,9,10,12,15,164.68,164.7599,164.54,164.61
1757506200,2025,9,10,12,10,164.7,164.96,164.63,164.74
1757505900,2025,9,10,12,5,165.005,165.005,164.5,164.6905
1757505600,2025,9,10,12,0,164.7813,165.0899,164.7813,165.0186
1757505300,2025,9,10,11,55,164.84,164.9776,164.67,164.835
1757505000,2025,9,10,11,50,164.8,164.9999,164.72,164.84
1757504700,2025,9,10,11,45,164.91,164.975,164.73,164.85
1757504400,2025,9,10,11,40,165.15,165.2818,164.9032,164.97
1757504100,2025,9,10,11,35,165.215,165.4499,165.09,165.15
1757503800,2025,9,10,11,30,165.48,165.48,164.96,165.1948
1757503500,2025,9,10,11,25,165.6775,165.815,165.41,165.4992
1757503200,2025,9,10,11,20,165.705,165.82,165.495,165.635
1757502900,2025,9,10,11,15,165.9362,166.14,165.705,165.705
1757502600,2025,9,10,11,10,165.505,166.0,165.4744,165.945
1757502300,2025,9,10,11,5,165.78,165.97,165.3939,165.545
1757502000,2025,9,10,11,0,165.995,166.1399,165.73,165.78
1757501700,2025,9,10,10,55,166.265,166.705,165.94,165.94
1757501400,2025,9,10,10,50,166.185,166.5254,166.0227,166.3
1757501100,2025,9,10,10,45,165.825,166.43,165.78,166.185
1757500800,2025,9,10,10,40,165.56,165.9365,165.3501,165.825
1757500500,2025,9,10,10,35,165.13,165.675,165.075,165.59
1757500200,2025,9,10,10,30,164.9,165.26,164.64,165.165
1757499900,2025,9,10,10,25,164.9,165.0831,164.7,164.955
1757499600,2025,9,10,10,20,165.3,165.3,164.84,164.97
1757499300,2025,9,10,10,15,165.23,165.65,165.17,165.38
1757499000,2025,9,10,10,10,166.28,166.28,165.19,165.2
1757498700,2025,9,10,10,5,166.95,167.0,166.2113,166.28
1757498400,2025,9,10,10,0,167.125,167.3522,166.7301,166.99
1757498100,2025,9,10,9,55,166.61,167.215,166.34,167.15
1757497800,2025,9,10,9,50,166.55,166.82,165.84,166.632
1757497500,2025,9,10,9,45,165.8,166.95,165.75,166.65
1757497200,2025,9,10,9,40,165.245,166.07,165.07,165.792
1757496900,2025,9,10,9,35,165.16,165.88,164.7,165.18
1757496600,2025,9,10,9,30,164.7,165.6799,163.89,165.175
1757433300,2025,9,9,15,55,165.045,165.84,165.045,165.68
1757433000,2025,9,9,15,50,165.05,165.18,164.765,165.02
1757432700,2025,9,9,15,45,165.2524,165.38,165.01,165.05
1757432400,2025,9,9,15,40,165.165,165.35,165.0,165.265
1757432100,2025,9,9,15,35,165.2799,165.33,165.0101,165.17
1757431800,2025,9,9,15,30,165.315,165.4873,165.17,165.1911
1757431500,2025,9,9,15,25,165.25,165.38,165.0,165.32
1757431200,2025,9,9,15,20,165.3552,165.42,165.01,165.1672
1757430900,2025,9,9,15,15,165.5732,165.7041,165.115,165.365
1757430600,2025,9,9,15,10,166.17,166.18,165.48,165.625
1757430300,2025,9,9,15,5,165.96,166.275,165.71,166.205
1757430000,2025,9,9,15,0,165.6,165.9834,165.51,165.9501
1757429700,2025,9,9,14,55,165.495,165.72,165.4401,165.5782
1757429400,2025,9,9,14,50,164.82,165.65,164.7801,165.48
1757429100,2025,9,9,14,45,164.96,164.96,164.79,164.84
1757428800,2025,9,9,14,40,164.86,165.005,164.7,164.9617
1757428500,2025,9,9,14,35,164.8,165.078,164.73,164.86
1757428200,2025,9,9,14,30,164.86,165.04,164.77,164.81
1757427900,2025,9,9,14,25,164.69,165.01,164.68,164.9091
1757427600,2025,9,9,14,20,164.47,164.8,164.39,164.705
1757427300,2025,9,9,14,15,164.462,164.675,164.38,164.49
1757427000,2025,9,9,14,10,164.68,164.9,164.39,164.44
1757426700,2025,9,9,14,5,164.99,164.99,164.64,164.67
1757426400,2025,9,9,14,0,165.3075,165.32,164.91,165.0
1757426100,2025,9,9,13,55,165.3989,165.45,165.11,165.26
1757425800,2025,9,9,13,50,165.163,165.46,165.13,165.4
1757425500,2025,9,9,13,45,165.215,165.2298,164.97,165.12
1757425200,2025,9,9,13,40,165.32,165.37,165.1,165.25
1757424900,2025,9,9,13,35,165.3653,165.38,164.95,165.28
1757424600,2025,9,9,13,30,165.44,165.59,165.01,165.285
1757424300,2025,9,9,13,25,165.49,165.56,165.31,165.43
1757424000,2025,9,9,13,20,165.56,165.76,165.37,165.42
1757423700,2025,9,9,13,15,165.54,165.6,165.35,165.53
1757423400,2025,9,9,13,10,165.74,165.74,165.42,165.5
1757423100,2025,9,9,13,5,165.955,166.04,165.7497,165.8
1757422800,2025,9,9,13,0,165.61,166.03,165.58,165.98
1757422500,2025,9,9,12,55,165.5,165.84,165.49,165.69
1757422200,2025,9,9,12,50,165.55,165.6499,165.37,165.51
1757421900,2025,9,9,12,45,165.37,165.67,165.28,165.5546
1757421600,2025,9,9,12,40,165.44,165.6299,165.3462,165.3846
1757421300,2025,9,9,12,35,165.8577,165.92,165.35,165.425
1757421000,2025,9,9,12,30,165.93,166.06,165.76,165.89
1757420700,2025,9,9,12,25,165.77,165.96,165.65,165.96
1757420400,2025,9,9,12,20,165.65,165.9454,165.644,165.78
1757420100,2025,9,9,12,15,165.55,165.94,165.51,165.655
1757419800,2025,9,9,12,10,165.2445,165.55,165.17,165.5
1757419500,2025,9,9,12,5,165.313,165.44,165.1,165.26
1757419200,2025,9,9,12,0,164.745,165.32,164.71,165.2581
1757418900,2025,9,9,11,55,164.565,164.78,164.4614,164.745
1757418600,2025,9,9,11,50,164.975,165.14,164.44,164.57
1757418300,2025,9,9,11,45,164.8381,165.02,164.72,165.0
1757418000,2025,9,9,11,40,165.35,165.37,164.603,164.91
1757417700,2025,9,9,11,35,165.08,165.5899,164.85,165.4
1757417400,2025,9,9,11,30,165.2,165.3,164.96,165.065
1757417100,2025,9,9,11,25,165.62,165.78,164.9,165.2
1757416800,2025,9,9,11,20,165.66,166.0,165.5,165.605
1757416500,2025,9,9,11,15,165.54,165.7794,165.41,165.63
1757416200,2025,9,9,11,10,165.29,165.7963,165.22,165.5859
1757415900,2025,9,9,11,5,165.5,165.6596,165.25,165.3
1757415600,2025,9,9,11,0,165.7739,165.85,165.34,165.42
1757415300,2025,9,9,10,55,165.7,165.99,165.52,165.74
1757415000,2025,9,9,10,50,166.42,166.42,165.54,165.67
1757414700,2025,9,9,10,45,166.35,167.05,166.3,166.38
1757414400,2025,9,9,10,40,166.13,166.55,166.125,166.29
1757414100,2025,9,9,10,35,166.57,166.57,165.8401,166.15
1757413800,2025,9,9,10,30,166.3,166.75,166.2,166.5
1757413500,2025,9,9,10,25,166.5,166.5882,166.12,166.31
1757413200,2025,9,9,10,20,167.05,167.145,166.45,166.565
1757412900,2025,9,9,10,15,167.01,167.36,166.83,167.09
1757412600,2025,9,9,10,10,166.625,167.01,166.5296,166.96
1757412300,2025,9,9,10,5,166.31,166.8,165.98,166.58
1757412000,2025,9,9,10,0,166.33,167.37,166.05,166.3
1757411700,2025,9,9,9,55,166.725,166.725,165.9,166.31
1757411400,2025,9,9,9,50,167.22,167.22,166.2736,166.6801
1757411100,2025,9,9,9,45,168.67,168.67,167.2,167.22
1757410800,2025,9,9,9,40,167.66,168.98,167.53,168.79
1757410500,2025,9,9,9,35,168.08,168.8011,167.35,167.64
1757410200,2025,9,9,9,30,167.83,169.15,167.5001,167.99
1757346900,2025,9,8,15,55,167.81,168.23,167.78,168.08
1757346600,2025,9,8,15,50,167.925,168.4,167.8,167.81
1757346300,2025,9,8,15,45,167.24,167.93,167.2,167.93
1757346000,2025,9,8,15,40,166.87,167.35,166.86,167.235
1757345700,2025,9,8,15,35,166.475,166.95,166.475,166.87
1757345400,2025,9,8,15,30,166.3,166.74,166.2663,166.475
1757345100,2025,9,8,15,25,166.4625,166.63,166.13,166.285
1757344800,2025,9,8,15,20,166.33,166.52,166.155,166.465
1757344500,2025,9,8,15,15,166.025,166.44,165.95,166.331
1757344200,2025,9,8,15,10,166.22,166.23,165.83,166.02
1757343900,2025,9,8,15,5,166.37,166.42,166.21,166.22
1757343600,2025,9,8,15,0,166.535,166.5386,166.27,166.3601
1757343300,2025,9,8,14,55,166.98,166.98,163.93,166.53
1757343000,2025,9,8,14,50,167.062,167.255,166.98,167.0
1757342700,2025,9,8,14,45,167.21,167.435,167.04,167.1
1757342400,2025,9,8,14,40,167.35,167.49,167.11,167.19
1757342100,2025,9,8,14,35,167.23,167.535,167.12,167.355
1757341800,2025,9,8,14,30,166.845,167.4599,166.83,167.2669
1757341500,2025,9,8,14,25,167.265,167.33,166.7,166.845
1757341200,2025,9,8,14,20,167.61,167.65,167.22,167.33
1757340900,2025,9,8,14,15,167.505,167.68,167.435,167.6
1757340600,2025,9,8,14,10,167.125,167.65,167.1,167.505
1757340300,2025,9,8,14,5,166.81,167.23,166.74,167.125
1757340000,2025,9,8,14,0,167.26,167.65,166.81,166.82
1757339700,2025,9,8,13,55,167.41,167.45,167.07,167.27
1757339400,2025,9,8,13,50,166.7,167.41,166.7,167.41
1757339100,2025,9,8,13,45,167.24,167.25,166.642,166.72
1757338800,2025,9,8,13,40,167.24,167.3087,166.8703,167.23
1757338500,2025,9,8,13,35,166.94,167.42,166.9133,167.275
1757338200,2025,9,8,13,30,167.12,167.29,166.88,166.8951
1757337900,2025,9,8,13,25,167.345,167.38,167.08,167.1
1757337600,2025,9,8,13,20,167.231,167.5299,167.0501,167.345
1757337300,2025,9,8,13,15,167.19,167.49,167.19,167.32
1757337000,2025,9,8,13,10,166.66,167.3499,166.61,167.1201
1757336700,2025,9,8,13,5,166.38,166.8,166.3101,166.7
1757336400,2025,9,8,13,0,166.76,166.88,166.295,166.44
1757336100,2025,9,8,12,55,167.35,167.41,166.68,166.76
1757335800,2025,9,8,12,50,167.27,167.6845,167.1501,167.3
1757335500,2025,9,8,12,45,166.91,167.26,166.5373,167.26
1757335200,2025,9,8,12,40,167.09,167.18,166.7306,166.93
1757334900,2025,9,8,12,35,167.23,167.43,167.0304,167.09
1757334600,2025,9,8,12,30,167.52,167.7,167.22,167.28
1757334300,2025,9,8,12,25,167.56,167.879,167.48,167.585
1757334000,2025,9,8,12,20,167.765,168.17,167.63,167.643
1757333700,2025,9,8,12,15,167.155,168.41,167.091,167.765
1757333400,2025,9,8,12,10,166.9606,167.2,166.8964,167.14
1757333100,2025,9,8,12,5,166.298,166.9773,166.01,166.955
1757332800,2025,9,8,12,0,166.25,166.5239,166.16,166.27
1757332500,2025,9,8,11,55,166.4422,166.55,166.2201,166.29
1757332200,2025,9,8,11,50,166.51,166.6,166.17,166.4183
1757331900,2025,9,8,11,45,166.1698,166.7288,166.0,166.51
1757331600,2025,9,8,11,40,165.95,166.5,165.8535,166.12
1757331300,2025,9,8,11,35,165.397,166.2,165.3684,165.935
1757331000,2025,9,8,11,30,164.75,165.44,164.59,165.3445
1757330700,2025,9,8,11,25,164.4615,164.96,164.44,164.7
1757330400,2025,9,8,11,20,164.3501,164.885,164.1855,164.455
1757330100,2025,9,8,11,15,164.88,164.94,164.19,164.38
1757329800,2025,9,8,11,10,164.65,165.04,164.54,164.9
1757329500,2025,9,8,11,5,164.91,165.0,164.4,164.64
1757329200,2025,9,8,11,0,165.03,165.57,164.8,164.9175
1757328900,2025,9,8,10,55,164.375,165.05,164.27,165.05
1757328600,2025,9,8,10,50,163.6085,164.4124,163.458,164.365
1757328300,2025,9,8,10,45,163.5,163.8375,163.47,163.58
1757328000,2025,9,8,10,40,163.24,164.03,163.205,163.435
1757327700,2025,9,8,10,35,163.005,163.32,162.8601,163.17
1757327400,2025,9,8,10,30,163.445,163.8636,163.0,163.025
1757327100,2025,9,8,10,25,163.0594,163.6191,162.985,163.44
1757326800,2025,9,8,10,20,163.05,163.46,162.87,163.04
1757326500,2025,9,8,10,15,162.995,163.49,162.8,163.0016
1757326200,2025,9,8,10,10,163.4696,163.66,162.99,162.995
1757325900,2025,9,8,10,5,163.585,163.85,163.32,163.46
1757325600,2025,9,8,10,0,163.8614,164.3,163.48,163.605
1757325300,2025,9,8,9,55,164.3513,164.6,163.8,163.81
1757325000,2025,9,8,9,50,163.835,164.43,163.5001,164.305
1757324700,2025,9,8,9,45,164.6394,164.73,163.6426,163.88
1757324400,2025,9,8,9,40,165.45,165.64,163.93,164.634
1757324100,2025,9,8,9,35,167.615,168.25,165.2,165.52
1757323800,2025,9,8,9,30,167.76,169.61,167.2,167.615
1757087700,2025,9,5,15,55,167.85,168.05,167.64,167.77
1757087400,2025,9,5,15,50,168.92,169.0,167.64,167.83
1757087100,2025,9,5,15,45,167.955,168.96,167.91,168.92
1757086800,2025,9,5,15,40,167.84,168.06,167.34,167.9775
1757086500,2025,9,5,15,35,168.38,168.585,167.82,167.83
1757086200,2025,9,5,15,30,168.59,168.702,168.3,168.37
1757085900,2025,9,5,15,25,169.05,169.09,168.5415,168.625
1757085600,2025,9,5,15,20,169.185,169.38,169.01,169.065
1757085300,2025,9,5,15,15,169.425,169.49,169.05,169.1825
1757085000,2025,9,5,15,10,169.7,169.7,169.31,169.41
1757084700,2025,9,5,15,5,169.52,169.8594,169.5,169.68
1757084400,2025,9,5,15,0,169.31,169.63,169.05,169.53
1757084100,2025,9,5,14,55,169.13,169.38,168.8,169.35
1757083800,2025,9,5,14,50,168.96,169.4293,168.95,169.1753
1757083500,2025,9,5,14,45,168.475,169.0217,168.42,168.9614
1757083200,2025,9,5,14,40,168.5264,168.7273,168.465,168.465
1757082900,2025,9,5,14,35,169.0022,169.07,168.3,168.545
1757082600,2025,9,5,14,30,168.69,169.0599,168.641,169.01
1757082300,2025,9,5,14,25,168.9,169.02,168.53,168.655
1757082000,2025,9,5,14,20,168.745,169.1399,168.73,168.9107
1757081700,2025,9,5,14,15,168.824,168.91,168.65,168.71
1757081400,2025,9,5,14,10,168.71,168.96,168.351,168.85
1757081100,2025,9,5,14,5,168.41,168.71,168.34,168.71
1757080800,2025,9,5,14,0,168.3,168.55,168.27,168.37
1757080500,2025,9,5,13,55,168.2671,168.49,168.19,168.3074
1757080200,2025,9,5,13,50,168.325,168.57,168.0701,168.3
1757079900,2025,9,5,13,45,168.05,168.38,167.8801,168.34
1757079600,2025,9,5,13,40,168.2017,168.645,167.91,168.06
1757079300,2025,9,5,13,35,168.11,168.3,167.82,168.168
1757079000,2025,9,5,13,30,167.74,168.33,167.731,168.1
1757078700,2025,9,5,13,25,167.96,168.18,167.52,167.78
1757078400,2025,9,5,13,20,168.33,168.68,167.8,167.96
1757078100,2025,9,5,13,15,168.41,168.82,168.12,168.3465
1757077800,2025,9,5,13,10,168.59,168.64,168.3,168.42
1757077500,2025,9,5,13,5,168.7165,168.835,168.02,168.58
1757077200,2025,9,5,13,0,169.3169,169.35,168.55,168.69
1757076900,2025,9,5,12,55,169.19,169.9,168.9508,169.265
1757076600,2025,9,5,12,50,168.46,169.24,168.45,169.1454
1757076300,2025,9,5,12,45,168.2759,168.55,168.18,168.48
1757076000,2025,9,5,12,40,167.695,168.43,167.6756,168.205
1757075700,2025,9,5,12,35,167.74,167.7599,167.36,167.75
1757075400,2025,9,5,12,30,168.34,168.449,167.709,167.709
1757075100,2025,9,5,12,25,168.18,168.7,168.01,168.3521
1757074800,2025,9,5,12,20,168.17,168.329,167.751,168.1922
1757074500,2025,9,5,12,15,167.94,168.45,167.82,168.2
1757074200,2025,9,5,12,10,167.5,167.9799,167.35,167.97
1757073900,2025,9,5,12,5,167.55,167.7,167.09,167.508
1757073600,2025,9,5,12,0,168.395,168.44,167.41,167.59
1757073300,2025,9,5,11,55,168.51,168.58,168.0205,168.395
1757073000,2025,9,5,11,50,168.545,168.61,168.051,168.46
1757072700,2025,9,5,11,45,168.82,168.8805,167.8,168.5555
1757072400,2025,9,5,11,40,168.6089,169.0,168.35,168.842
1757072100,2025,9,5,11,35,168.415,168.8699,168.2801,168.535
1757071800,2025,9,5,11,30,169.0165,169.09,168.25,168.4597
1757071500,2025,9,5,11,25,169.39,169.55,168.7,169.045
1757071200,2025,9,5,11,20,168.54,169.58,168.3,169.45
1757070900,2025,9,5,11,15,168.25,168.91,168.25,168.54
1757070600,2025,9,5,11,10,167.784,170.88,167.68,168.3
1757070300,2025,9,5,11,5,167.895,168.49,167.7,167.76
1757070000,2025,9,5,11,0,169.12,169.37,167.81,167.9249
1757069700,2025,9,5,10,55,170.25,170.3057,168.701,169.22
1757069400,2025,9,5,10,50,169.285,170.428,168.72,170.3
1757069100,2025,9,5,10,45,170.085,170.7558,169.215,169.2875
1757068800,2025,9,5,10,40,170.62,171.29,170.02,170.1382
1757068500,2025,9,5,10,35,172.07,172.2,170.1301,170.62
1757068200,2025,9,5,10,30,173.082,173.22,171.6701,172.0202
1757067900,2025,9,5,10,25,173.135,173.9,172.24,173.2
1757067600,2025,9,5,10,20,172.308,173.79,172.0,173.1825
1757067300,2025,9,5,10,15,173.15,173.65,171.7518,172.2001
1757067000,2025,9,5,10,10,174.8601,174.982,172.23,173.19
1757066700,2025,9,5,10,5,175.24,176.1785,174.66,174.8046
1757066400,2025,9,5,10,0,173.53,175.92,173.25,175.315
1757066100,2025,9,5,9,55,174.6,174.79,172.78,173.5699
1757065800,2025,9,5,9,50,172.3664,174.7564,172.23,174.5552
1757065500,2025,9,5,9,45,170.01,172.69,169.81,172.365
1757065200,2025,9,5,9,40,170.66,171.29,169.62,170.064
1757064900,2025,9,5,9,35,167.555,171.075,167.1,170.735
1757064600,2025,9,5,9,30,165.14,168.8,163.98,167.56
1757001300,2025,9,4,15,55,206.02,206.4895,205.64,206.1
1757001000,2025,9,4,15,50,206.03,206.418,204.69,206.28
1757000700,2025,9,4,15,45,205.4,206.6399,205.36,206.07
1757000400,2025,9,4,15,40,205.239,205.4399,205.0501,205.4
1757000100,2025,9,4,15,35,205.07,205.36,204.85,205.25
1756999800,2025,9,4,15,30,204.58,205.2,204.38,205.1125
1756999500,2025,9,4,15,25,204.5,204.77,204.3129,204.64
1756999200,2025,9,4,15,20,204.87,204.9,204.4,204.4884
1756998900,2025,9,4,15,15,204.84,205.01,204.58,204.85
1756998600,2025,9,4,15,10,204.99,205.18,204.81,204.845
1756998300,2025,9,4,15,5,204.775,205.0194,204.655,205.008
1756998000,2025,9,4,15,0,204.5,204.9834,204.43,204.775
1756997700,2025,9,4,14,55,203.895,204.4983,203.67,204.45
1756997400,2025,9,4,14,50,203.87,204.03,203.79,203.85
1756997100,2025,9,4,14,45,203.98,204.17,203.51,203.825
1756996800,2025,9,4,14,40,203.68,204.18,203.5247,203.91
1756996500,2025,9,4,14,35,204.235,204.42,203.6,203.63
1756996200,2025,9,4,14,30,204.565,204.6948,204.215,204.3
1756995900,2025,9,4,14,25,204.33,204.58,204.1,204.58
1756995600,2025,9,4,14,20,204.2,204.38,204.06,204.23
1756995300,2025,9,4,14,15,204.175,204.2,203.79,204.17
1756995000,2025,9,4,14,10,204.015,204.2,203.8,204.17
1756994700,2025,9,4,14,5,204.07,204.2,203.75,204.03
1756994400,2025,9,4,14,0,203.405,204.11,203.385,204.07
1756994100,2025,9,4,13,55,203.77,203.8896,203.291,203.4
1756993800,2025,9,4,13,50,203.4,204.0,203.22,203.81
1756993500,2025,9,4,13,45,203.47,203.61,203.19,203.42
1756993200,2025,9,4,13,40,204.11,204.2225,203.3,203.4
1756992900,2025,9,4,13,35,203.53,204.2,203.53,204.11
1756992600,2025,9,4,13,30,203.685,203.75,203.2023,203.5
1756992300,2025,9,4,13,25,203.319,203.73,203.245,203.73
1756992000,2025,9,4,13,20,203.25,203.51,203.11,203.245
1756991700,2025,9,4,13,15,203.17,203.46,203.1,203.1803
1756991400,2025,9,4,13,10,203.3,203.3,202.94,203.12
1756991100,2025,9,4,13,5,202.59,203.29,202.5,203.22
1756990800,2025,9,4,13,0,202.16,202.99,202.1,202.57
1756990500,2025,9,4,12,55,202.435,202.595,202.11,202.1692
1756990200,2025,9,4,12,50,202.46,202.87,202.08,202.3941
1756989900,2025,9,4,12,45,202.2896,202.4468,202.0315,202.372
1756989600,2025,9,4,12,40,202.24,202.49,202.0106,202.24
1756989300,2025,9,4,12,35,202.52,202.8016,202.06,202.185
1756989000,2025,9,4,12,30,202.305,202.61,202.01,202.52
1756988700,2025,9,4,12,25,202.29,202.5,202.1,202.25
1756988400,2025,9,4,12,20,202.91,203.15,202.09,202.3788
1756988100,2025,9,4,12,15,202.715,203.11,202.3715,202.97
1756987800,2025,9,4,12,10,203.45,203.5,202.59,202.73
1756987500,2025,9,4,12,5,203.16,203.39,202.905,203.38
1756987200,2025,9,4,12,0,202.335,203.11,202.335,203.105
1756986900,2025,9,4,11,55,202.2983,202.59,202.1509,202.35
1756986600,2025,9,4,11,50,202.12,202.54,202.0,202.22
1756986300,2025,9,4,11,45,201.395,202.19,201.25,202.12
1756986000,2025,9,4,11,40,201.46,201.93,201.3101,201.3559
1756985700,2025,9,4,11,35,201.37,201.62,201.09,201.41
1756985400,2025,9,4,11,30,201.39,201.62,201.2,201.42
1756985100,2025,9,4,11,25,200.53,201.405,200.52,201.31
1756984800,2025,9,4,11,20,199.95,200.68,199.72,200.4256
1756984500,2025,9,4,11,15,200.29,200.46,199.84,200.0
1756984200,2025,9,4,11,10,200.48,200.665,199.76,200.26
1756983900,2025,9,4,11,5,201.385,201.57,200.05,200.53
1756983600,2025,9,4,11,0,201.395,201.54,201.06,201.405
1756983300,2025,9,4,10,55,200.53,201.45,200.44,201.4192
1756983000,2025,9,4,10,50,200.98,201.32,200.52,200.52
1756982700,2025,9,4,10,45,200.15,201.11,200.11,200.98
1756982400,2025,9,4,10,40,200.5,200.67,199.96,200.11
1756982100,2025,9,4,10,35,200.93,201.14,200.46,200.54
1756981800,2025,9,4,10,30,201.2,201.3,200.53,200.93
1756981500,2025,9,4,10,25,200.0,201.2699,199.948,201.085
1756981200,2025,9,4,10,20,199.525,200.0,199.38,200.0
1756980900,2025,9,4,10,15,199.5,200.27,199.15,199.65
1756980600,2025,9,4,10,10,200.09,200.09,199.14,199.65
1756980300,2025,9,4,10,5,201.466,201.671,199.82,200.065
1756980000,2025,9,4,10,0,200.61,202.2,200.5525,201.56
1756979700,2025,9,4,9,55,200.42,200.6936,199.97,200.57
1756979400,2025,9,4,9,50,200.915,201.49,200.3001,200.51
1756979100,2025,9,4,9,45,201.0,201.7969,200.63,200.915
1756978800,2025,9,4,9,40,200.15,201.31,199.3,200.96
1756978500,2025,9,4,9,35,199.62,200.65,197.67,200.2175
1756978200,2025,9,4,9,30,200.9,200.9639,199.11,199.54
